Cover,Distance,p,pmin,pmax
Covered,15,47.5264704,43.65780471,51.39513609
Covered,15.16570494,47.34576629,43.54170376,51.14982881
Covered,15.33324043,47.16298259,43.42243065,50.90353453
Covered,15.50262668,46.9781172,43.29992396,50.65631044
Covered,15.67388414,46.79116871,43.17412257,50.40821484
Covered,15.84703348,46.60213646,43.04496589,50.15930703
Covered,16.0220956,46.41102056,42.91239405,49.90964707
Covered,16.19909163,46.21782186,42.77634816,49.65929557
Covered,16.37804293,46.02254204,42.63677064,49.40831344
Covered,16.55897111,45.82518354,42.4936055,49.15676158
Covered,16.741898,45.62574965,42.34679872,48.90470059
Covered,16.92684569,45.4242445,42.1962986,48.6521904
Covered,17.11383649,45.22067305,42.04205617,48.39928992
Covered,17.30289297,45.01504113,41.88402562,48.14605663
Covered,17.49403797,44.80735546,41.72216477,47.89254615
Covered,17.68729454,44.59762365,41.55643551,47.63881178
Covered,17.88268602,44.38585421,41.38680431,47.38490411
Covered,18.08023598,44.17205657,41.21324269,47.13087045
Covered,18.27996828,43.9562411,41.03572773,46.87675446
Covered,18.48190702,43.7384191,40.85424254,46.62259565
Covered,18.68607658,43.51860282,40.66877671,46.36842892
Covered,18.8925016,43.29680547,40.47932674,46.11428421
Covered,19.10120699,43.07304125,40.28589647,45.86018604
Covered,19.31221795,42.84732532,40.08849738,45.60615326
Covered,19.52555995,42.61967383,39.8871489,45.35219875
Covered,19.74125874,42.39010391,39.68187859,45.09832922
Covered,19.95934035,42.1586337,39.47272231,44.84454508
Covered,20.17983111,41.92528234,39.25972429,44.59084039
Covered,20.40275763,41.69006999,39.04293705,44.33720292
Covered,20.62814681,41.45301778,38.82242131,44.08361426
Covered,20.85602587,41.21414789,38.59824578,43.83005
Covered,21.08642231,40.97348349,38.37048687,43.5764801
Covered,21.31936394,40.73104876,38.13922834,43.32286917
Covered,21.55487887,40.48686889,37.90456082,43.06917697
Covered,21.79299554,40.24097009,37.66658132,42.81535886
Covered,22.03374268,39.99337956,37.42539272,42.56136641
Covered,22.27714935,39.7441255,37.1811031,42.3071479
Covered,22.52324494,39.4932371,36.93382518,42.05264901
Covered,22.77205914,39.24074453,36.68367568,41.79781338
Covered,23.02362199,38.98667897,36.43077464,41.5425833
Covered,23.27796386,38.73107252,36.17524479,41.28690025
Covered,23.53511544,38.47395827,35.917211,41.03070555
Covered,23.79510777,38.21537025,35.65679958,40.77394092
Covered,24.05797224,37.95534342,35.3941378,40.51654903
Covered,24.32374056,37.69391365,35.12935333,40.25847397
Covered,24.59244484,37.43111773,34.86257374,39.99966172
Covered,24.86411748,37.16699333,34.59392608,39.74006058
Covered,25.13879129,36.90157899,34.32353647,39.4796215
Covered,25.41649943,36.63491409,34.05152972,39.21829846
Covered,25.6972754,36.36703886,33.77802906,38.95604867
Covered,25.98115311,36.09799434,33.50315583,38.69283284
Covered,26.26816681,35.82782234,33.22702928,38.42861539
Covered,26.55835115,35.55656545,32.94976634,38.16336456
Covered,26.85174115,35.28426699,32.67148146,37.89705252
Covered,27.14837224,35.01097101,32.39228652,37.62965551
Covered,27.4482802,34.73672224,32.11229068,37.36115381
Covered,27.75150125,34.46156608,31.83160033,37.09153182
Covered,28.05807198,34.18554854,31.55031902,36.82077806
Covered,28.3680294,33.90871626,31.26854743,36.54888508
Covered,28.68141091,33.63111644,30.98638335,36.27584953
Covered,28.99825435,33.35279684,30.70392168,36.00167201
Covered,29.31859796,33.07380572,30.42125441,35.72635703
Covered,29.6424804,32.79419181,30.13847067,35.44991295
Covered,29.96994077,32.5140043,29.85565674,35.17235186
Covered,30.30101859,32.23329279,29.57289608,34.8936895
Covered,30.63575383,31.95210725,29.29026936,34.61394515
Covered,30.97418689,31.67049801,29.00785452,34.3331415
Covered,31.31635861,31.38851568,28.7257268,34.05130456
Covered,31.66231031,31.10621116,28.4439588,33.76846352
Covered,32.01208373,30.82363559,28.16262052,33.48465066
Covered,32.3657211,30.54084028,27.8817794,33.19990117
Covered,32.7232651,30.25787673,27.60150038,32.91425308
Covered,33.08475889,29.97479655,27.32184599,32.62774711
Covered,33.45024609,29.69165143,27.04287631,32.34042655
Covered,33.81977084,29.40849311,26.76464911,32.05233712
Covered,34.19337772,29.12537335,26.48721986,31.76352685
Covered,34.57111183,28.84234388,26.21064177,31.47404599
Covered,34.95301878,28.55945634,25.93496588,31.1839468
Covered,35.33914464,28.2767623,25.66024106,30.89328354
Covered,35.72953604,27.99431317,25.3865141,30.60211224
Covered,36.12424009,27.71216018,25.11382971,30.31049065
Covered,36.52330444,27.43035436,24.84223063,30.01847808
Covered,36.92677724,27.14894646,24.5717576,29.72613532
Covered,37.33470721,26.86798697,24.30244948,29.43352447
Covered,37.74714358,26.58752605,24.03434324,29.14070887
Covered,38.16413614,26.30761349,23.76747402,28.84775296
Covered,38.58573521,26.02829869,23.50187518,28.55472219
Covered,39.01199168,25.74963061,23.23757835,28.26168287
Covered,39.442957,25.47165778,22.97461343,27.96870212
Covered,39.8786832,25.19442819,22.7130087,27.67584769
Covered,40.31922287,24.91798935,22.4527908,27.38318791
Covered,40.76462917,24.64238818,22.1939848,27.09079156
Covered,41.21495587,24.36767101,21.93661423,26.79872779
Covered,41.67025734,24.09388357,21.68070115,26.50706599
Covered,42.13058851,23.82107093,21.42626614,26.21587571
Covered,42.59600497,23.54927748,21.1733284,25.92522655
Covered,43.06656287,23.27854692,20.92190574,25.63518809
Covered,43.54231903,23.00892222,20.67201466,25.34582977
Covered,44.02333087,22.74044558,20.42367036,25.05722081
Covered,44.50965644,22.47315846,20.1768868,24.76943012
Covered,45.00135445,22.20710148,19.93167674,24.48252622
Covered,45.49848424,21.94231446,19.68805178,24.19657714
Covered,46.00110582,21.67883638,19.44602241,23.91165035
Covered,46.50927987,21.41670535,19.20559804,23.62781266
Covered,47.02306771,21.15595862,18.96678706,23.34513018
Covered,47.54253136,20.89663251,18.72959685,23.06366818
Covered,48.06773353,20.63876247,18.49403387,22.78349108
Covered,48.5987376,20.382383,18.26010368,22.50466232
Covered,49.13560767,20.12752766,18.02781099,22.22724433
Covered,49.67840854,19.87422906,17.79715969,21.95129843
Covered,50.22720574,19.62251886,17.56815294,21.67688477
Covered,50.78206549,19.37242773,17.34079318,21.40406228
Covered,51.34305478,19.12398537,17.11508216,21.13288858
Covered,51.91024131,18.87722049,16.89102105,20.86341992
Covered,52.48369355,18.63216079,16.66861045,20.59571114
Covered,53.06348071,18.388833,16.44785044,20.32981556
Covered,53.64967279,18.14726282,16.22874064,20.065785
Covered,54.24234052,17.90747494,16.01128024,19.80366963
Covered,54.84155545,17.66949305,15.7954681,19.54351801
Covered,55.44738991,17.43333984,15.58130275,19.28537694
Covered,56.05991702,17.19903698,15.36878245,19.0292915
Covered,56.67921071,16.96660511,15.15790529,18.77530493
Covered,57.30534574,16.7360639,14.94866917,18.52345863
Covered,57.93839768,16.50743198,14.74107189,18.27379208
Covered,58.57844294,16.28072702,14.53511123,18.02634281
Covered,59.22555878,16.05596566,14.33078492,17.7811464
Covered,59.87982331,15.83316357,14.12809077,17.53823636
Covered,60.54131549,15.61233542,13.92702668,17.29764417
Covered,61.21011517,15.39349494,13.72759066,17.05939921
Covered,61.88630309,15.17665486,13.52978095,16.82352877
Covered,62.56996084,14.96182696,13.33359596,16.59005797
Covered,63.26117097,14.7490221,13.13903442,16.35900979
Covered,63.96001688,14.53825017,12.94609531,16.13040503
Covered,64.66658295,14.32952016,12.75477799,15.90426234
Covered,65.38095445,14.12284013,12.56508213,15.68059813
Covered,66.10321761,13.91821726,12.37700783,15.45942668
Covered,66.83345961,13.71565781,12.19055558,15.24076004
Covered,67.57176858,13.51516721,12.00572628,15.02460814
Covered,68.31823366,13.31675,11.82252129,14.81097872
Covered,69.07294493,13.12040989,11.64094238,14.5998774
Covered,69.83599349,12.92614976,11.46099179,14.39130773
Covered,70.60747145,12.73397168,11.28267219,14.18527117
Covered,71.38747192,12.54387691,11.10598665,13.98176717
Covered,72.17608905,12.35586594,10.93093869,13.78079319
Covered,72.97341804,12.1699385,10.75753219,13.5823448
Covered,73.77955511,11.98609355,10.58577142,13.38641569
Covered,74.59459758,11.80432936,10.41566097,13.19299775
Covered,75.41864382,11.62464345,10.24720575,13.00208116
Covered,76.2517933,11.44703267,10.08041091,12.81365443
Covered,77.09414657,11.27149317,9.915281833,12.62770451
Covered,77.94580532,11.09802046,9.751824085,12.44421683
Covered,78.80687234,10.9266094,9.590043351,12.26317545
Covered,79.67745156,10.75725423,9.429945396,12.08456306
Covered,80.55764807,10.58994858,9.271536011,11.90836114
Covered,81.44756811,10.4246855,9.114820959,11.73455003
Covered,82.34731909,10.26145746,8.959805922,11.563109
Covered,83.25700961,10.1002564,8.806496448,11.39401635
Covered,84.17674948,9.941073702,8.654897898,11.22724951
Covered,85.10664972,9.783900252,8.505015394,11.06278511
Covered,86.04682256,9.628726433,8.356853768,10.9005991
Covered,86.99738148,9.475542149,8.210417514,10.74066678
Covered,87.95844123,9.324336844,8.065710743,10.58296294
Covered,88.9301178,9.175099519,7.92273714,10.4274619
Covered,89.91252848,9.027818751,7.781499921,10.27413758
Covered,90.90579184,8.882482705,7.642001798,10.12296361
Covered,91.91002778,8.739079159,7.504244948,9.973913369
Covered,92.92535752,8.597595513,7.368230977,9.82696005
Covered,93.95190359,8.458018814,7.233960897,9.68207673
Covered,94.98978992,8.320335763,7.101435105,9.539236422
Covered,96.03914177,8.184532742,6.970653359,9.398412125
Covered,97.10008581,8.05059582,6.841614766,9.259576874
Covered,98.17275009,7.918510776,6.714317769,9.122703782
Covered,99.25726409,7.78826311,6.58876014,8.98776608
Covered,100.3537587,7.659838062,6.464938971,8.854737153
Covered,101.4623663,7.533220626,6.342850676,8.723590576
Covered,102.5832207,7.40839556,6.222490986,8.594300134
Covered,103.7164571,7.285347409,6.103854961,8.466839857
Covered,104.8622125,7.164060512,5.986936988,8.341184036
Covered,106.0206249,7.044519019,5.871730795,8.217307243
Covered,107.1918344,6.926706904,5.758229458,8.09518435
Covered,108.3759822,6.810607979,5.646425416,7.974790541
Covered,109.5732112,6.696205905,5.536310486,7.856101324
Covered,110.7836661,6.583484206,5.427875874,7.739092538
Covered,112.0074928,6.472426283,5.321112202,7.623740365
Covered,113.2448392,6.363015422,5.216009515,7.510021329
Covered,114.4958545,6.255234809,5.11255731,7.397912307
Covered,115.7606898,6.149067539,5.010744553,7.287390526
Covered,117.0394977,6.044496631,4.910559698,7.178433564
Covered,118.3324326,5.941505032,4.811990713,7.071019352
Covered,119.6396505,5.840075636,4.715025099,6.965126173
Covered,120.9613093,5.740191286,4.619649915,6.860732657
Covered,122.2975684,5.64183479,4.525851799,6.757817781
Covered,123.6485892,5.544988926,4.43361699,6.656360861
Covered,125.0145347,5.449636454,4.342931354,6.556341554
Covered,126.3955698,5.355760124,4.253780403,6.457739845
Covered,127.7918612,5.263342686,4.16614932,6.360536052
Covered,129.2035774,5.172366894,4.080022981,6.264710808
Covered,130.6308888,5.08281552,3.995385973,6.170245067
Covered,132.0739677,4.994671357,3.912222623,6.077120091
Covered,133.5329884,4.907917229,3.830517013,5.985317445
Covered,135.0081268,4.822535996,3.750253001,5.89481899
Covered,136.4995611,4.738510563,3.671414246,5.80560688
Covered,138.0074712,4.655823887,3.593984222,5.717663552
Covered,139.5320392,4.574458981,3.517946241,5.630971721
Covered,141.0734491,4.494398921,3.443283469,5.545514373
Covered,142.631887,4.415626852,3.369978945,5.461274759
Covered,144.2075409,4.338125995,3.2980156,5.37823639
Covered,145.8006011,4.26187965,3.227376271,5.296383029
Covered,147.4112598,4.186871202,3.158043719,5.215698684
Covered,149.0397114,4.113084126,3.090000645,5.136167606
Covered,150.6861525,4.040501991,3.023229701,5.057774281
Covered,152.3507819,3.969108466,2.957713511,4.980503422
Covered,154.0338004,3.898887324,2.89343468,4.904339967
Covered,155.7354112,3.829822442,2.830375809,4.829269074
Covered,157.4558197,3.761897809,2.768519506,4.755276113
Covered,159.1952336,3.695097531,2.7078484,4.682346662
Covered,160.9538627,3.629405828,2.648345153,4.610466503
Covered,162.7319195,3.564807043,2.589992467,4.539621618
Covered,164.5296184,3.501285641,2.5327731,4.469798182
Covered,166.3471764,3.438826215,2.476669871,4.40098256
Covered,168.1848131,3.377413488,2.421665672,4.333161304
Covered,170.0427501,3.317032311,2.367743476,4.266321147
Covered,171.9212117,3.257667673,2.314886348,4.200448999
Covered,173.8204247,3.199304696,2.263077446,4.135531946
Covered,175.7406182,3.141928641,2.212300037,4.071557244
Covered,177.6820242,3.085524907,2.162537499,4.008512316
Covered,179.6448768,3.030079038,2.113773328,3.946384748
Covered,181.6294131,2.975576716,2.065991144,3.885162287
Covered,183.6358726,2.922003769,2.0191747,3.824832839
Covered,185.6644974,2.869346172,1.973307882,3.765384462
Covered,187.7155324,2.817590044,1.92837472,3.706805368
Covered,189.7892252,2.766721652,1.884359388,3.649083916
Covered,191.885826,2.71672741,1.841246208,3.592208612
Covered,194.005588,2.667593883,1.799019659,3.536168108
Covered,196.148767,2.619307785,1.757664376,3.480951194
Covered,198.3156217,2.571855977,1.717165154,3.4265468
Covered,200.5064136,2.525225474,1.677506954,3.372943995
Covered,202.7214072,2.47940344,1.638674901,3.32013198
Covered,204.9608699,2.43437719,1.60065429,3.26810009
Covered,207.2250718,2.390134189,1.563430588,3.21683779
Covered,209.5142864,2.346662054,1.526989435,3.166334673
Covered,211.8287899,2.303948553,1.491316645,3.11658046
Covered,214.1688618,2.261981604,1.45639821,3.067564997
Covered,216.5347844,2.220749275,1.422220297,3.019278252
Covered,218.9268434,2.180239786,1.388769256,2.971710316
Covered,221.3453274,2.140441505,1.356031612,2.924851398
Covered,223.7905284,2.101342951,1.323994075,2.878691827
Covered,226.2627415,2.06293279,1.292643532,2.833222049
Covered,228.7622652,2.025199839,1.261967054,2.788432623
Covered,231.289401,1.988133059,1.231951893,2.744314225
Covered,233.8444542,1.951721561,1.20258548,2.700857641
Covered,236.427733,1.915954601,1.173855432,2.65805377
Covered,239.0395493,1.880821582,1.145749544,2.61589362
Covered,241.6802183,1.84631205,1.118255792,2.574368308
Covered,244.3500587,1.812415695,1.091362333,2.533469057
Covered,247.0493929,1.779122351,1.065057503,2.493187198
Covered,249.7785466,1.746421992,1.03932982,2.453514165
Covered,252.5378493,1.714304737,1.014167975,2.414441498
Covered,255.327634,1.68276084,0.989560841,2.375960839
Covered,258.1482374,1.651780697,0.965497465,2.338063929
Covered,261,1.621354841,0.941967069,2.300742613
Non-covered,15,49.14498982,45.92110231,52.36887733
Non-covered,15.16570494,49.11689668,45.90606964,52.32772371
Non-covered,15.33324043,49.08801446,45.89047723,52.2855517
Non-covered,15.50262668,49.058322,45.87430482,52.24233917
Non-covered,15.67388414,49.0277976,45.85753149,52.19806371
Non-covered,15.84703348,48.99641907,45.84013556,52.15270257
Non-covered,16.0220956,48.96416365,45.82209461,52.1062327
Non-covered,16.19909163,48.93100809,45.80338542,52.05863077
Non-covered,16.37804293,48.89692857,45.78398399,52.00987314
Non-covered,16.55897111,48.8619007,45.76386549,51.9599359
Non-covered,16.741898,48.82589955,45.74300423,51.90879487
Non-covered,16.92684569,48.78889962,45.72137363,51.8564256
Non-covered,17.11383649,48.7508748,45.69894622,51.80280339
Non-covered,17.30289297,48.71179844,45.67569357,51.7479033
Non-covered,17.49403797,48.67164324,45.65158632,51.69170017
Non-covered,17.68729454,48.63038135,45.62659408,51.63416862
Non-covered,17.88268602,48.58798426,45.60068547,51.57528306
Non-covered,18.08023598,48.54442288,45.57382802,51.51501775
Non-covered,18.27996828,48.49966748,45.54598822,51.45334675
Non-covered,18.48190702,48.4536877,45.51713141,51.39024399
Non-covered,18.68607658,48.40645254,45.48722181,51.32568328
Non-covered,18.8925016,48.35793038,45.45622246,51.2596383
Non-covered,19.10120699,48.30808892,45.42409519,51.19208265
Non-covered,19.31221795,48.25689524,45.39080059,51.12298989
Non-covered,19.52555995,48.20431575,45.356298,51.0523335
Non-covered,19.74125874,48.1503162,45.32054543,50.98008697
Non-covered,19.95934035,48.0948617,45.28349961,50.90622379
Non-covered,20.17983111,48.03791668,45.24511586,50.83071749
Non-covered,20.40275763,47.9794449,45.20534815,50.75354165
Non-covered,20.62814681,47.91940949,45.16414902,50.67466996
Non-covered,20.85602587,47.85777288,45.12146957,50.59407619
Non-covered,21.08642231,47.79449686,45.07725942,50.5117343
Non-covered,21.31936394,47.72954257,45.03146674,50.4276184
Non-covered,21.55487887,47.66287047,44.98403814,50.3417028
Non-covered,21.79299554,47.59444039,44.93491873,50.25396205
Non-covered,22.03374268,47.52421152,44.88405207,50.16437097
Non-covered,22.27714935,47.45214239,44.83138014,50.07290464
Non-covered,22.52324494,47.37819093,44.77684338,49.97953847
Non-covered,22.77205914,47.30231443,44.72038065,49.8842482
Non-covered,23.02362199,47.22446958,44.66192922,49.78700994
Non-covered,23.27796386,47.14461249,44.60142482,49.68780016
Non-covered,23.53511544,47.06269867,44.53880161,49.58659573
Non-covered,23.79510777,46.97868308,44.47399222,49.48337393
Non-covered,24.05797224,46.89252012,44.40692778,49.37811246
Non-covered,24.32374056,46.80416368,44.33753793,49.27078942
Non-covered,24.59244484,46.71356714,44.26575091,49.16138336
Non-covered,24.86411748,46.62068339,44.19149356,49.04987322
Non-covered,25.13879129,46.52546488,44.11469144,48.93623833
Non-covered,25.41649943,46.42786363,44.03526886,48.8204584
Non-covered,25.6972754,46.32783126,43.95314902,48.70251349
Non-covered,25.98115311,46.22531901,43.86825407,48.58238395
Non-covered,26.26816681,46.12027782,43.78050525,48.46005039
Non-covered,26.55835115,46.01265831,43.68982302,48.3354936
Non-covered,26.85174115,45.90241086,43.59612722,48.2086945
Non-covered,27.14837224,45.78948564,43.49933722,48.07963406
Non-covered,27.4482802,45.67383265,43.39937214,47.94829317
Non-covered,27.75150125,45.55540178,43.29615098,47.81465258
Non-covered,28.05807198,45.43414284,43.18959292,47.67869277
Non-covered,28.3680294,45.31000564,43.07961748,47.5403938
Non-covered,28.68141091,45.18294003,42.96614483,47.39973522
Non-covered,28.99825435,45.05289594,42.84909602,47.25669587
Non-covered,29.31859796,44.91982351,42.72839324,47.11125377
Non-covered,29.6424804,44.78367306,42.60396018,46.96338595
Non-covered,29.96994077,44.64439526,42.47572225,46.81306827
Non-covered,30.30101859,44.50194111,42.34360694,46.66027528
Non-covered,30.63575383,44.35626207,42.20754411,46.50498003
Non-covered,30.97418689,44.20731013,42.06746631,46.34715395
Non-covered,31.31635861,44.05503789,41.92330911,46.18676667
Non-covered,31.66231031,43.89939862,41.77501139,46.02378586
Non-covered,32.01208373,43.74034639,41.62251563,45.85817715
Non-covered,32.3657211,43.57783612,41.46576825,45.68990399
Non-covered,32.7232651,43.4118237,41.30471983,45.51892757
Non-covered,33.08475889,43.24226608,41.13932542,45.34520674
Non-covered,33.45024609,43.06912136,40.96954471,45.16869801
Non-covered,33.81977084,42.89234891,40.79534231,44.9893555
Non-covered,34.19337772,42.71190945,40.61668792,44.80713097
Non-covered,34.57111183,42.52776518,40.43355645,44.62197391
Non-covered,34.95301878,42.33987988,40.24592817,44.43383159
Non-covered,35.33914464,42.14821903,40.05378885,44.24264922
Non-covered,35.72953604,41.9527499,39.85712974,44.04837007
Non-covered,36.12424009,41.7534417,39.6559477,43.8509357
Non-covered,36.52330444,41.55026565,39.45024513,43.65028617
Non-covered,36.92677724,41.34319516,39.24003,43.44636032
Non-covered,37.33470721,41.13220589,39.02531578,43.239096
Non-covered,37.74714358,40.91727591,38.80612137,43.02843045
Non-covered,38.16413614,40.6983858,38.58247104,42.81430057
Non-covered,38.58573521,40.47551879,38.35439424,42.59664334
Non-covered,39.01199168,40.24866084,38.12192557,42.37539611
Non-covered,39.442957,40.01780081,37.88510455,42.15049707
Non-covered,39.8786832,39.78293054,37.64397553,41.92188556
Non-covered,40.31922287,39.544045,37.39858749,41.68950252
Non-covered,40.76462917,39.30114237,37.14899388,41.45329086
Non-covered,41.21495587,39.05422417,36.89525244,41.2131959
Non-covered,41.67025734,38.80329538,36.63742506,40.96916571
Non-covered,42.13058851,38.54836454,36.37557753,40.72115155
Non-covered,42.59600497,38.28944383,36.10977943,40.46910823
Non-covered,43.06656287,38.02654921,35.84010391,40.21299452
Non-covered,43.54231903,37.75970049,35.56662752,39.95277345
Non-covered,44.02333087,37.4889214,35.28943007,39.68841273
Non-covered,44.50965644,37.21423973,35.00859441,39.41988505
Non-covered,45.00135445,36.93568735,34.7242063,39.14716841
Non-covered,45.49848424,36.65330031,34.4363542,38.87024643
Non-covered,46.00110582,36.3671189,34.14512916,38.58910864
Non-covered,46.50927987,36.07718769,33.85062463,38.30375075
Non-covered,47.02306771,35.7835556,33.55293631,38.01417489
Non-covered,47.54253136,35.48627592,33.25216197,37.72038987
Non-covered,48.06773353,35.18540636,32.94840135,37.42241137
Non-covered,48.5987376,34.88100904,32.64175594,37.12026214
Non-covered,49.13560767,34.57315053,32.33232889,36.81397217
Non-covered,49.67840854,34.26190184,32.02022481,36.50357886
Non-covered,50.22720574,33.94733838,31.70554966,36.1891271
Non-covered,50.78206549,33.62954,31.38841058,35.87066942
Non-covered,51.34305478,33.3085909,31.06891573,35.54826606
Non-covered,51.91024131,32.98457961,30.74717419,35.22198502
Non-covered,52.48369355,32.65759893,30.42329576,34.8919021
Non-covered,53.06348071,32.32774587,30.09739084,34.5581009
Non-covered,53.64967279,31.99512157,29.7695703,34.22067283
Non-covered,54.24234052,31.65983118,29.43994532,33.87971704
Non-covered,54.84155545,31.3219838,29.10862724,33.53534036
Non-covered,55.44738991,30.98169234,28.77572744,33.18765724
Non-covered,56.05991702,30.6390734,28.44135722,32.83678958
Non-covered,56.67921071,30.29424713,28.10562762,32.48286663
Non-covered,57.30534574,29.94733707,27.76864935,32.12602479
Non-covered,57.93839768,29.59847003,27.43053263,31.76640743
Non-covered,58.57844294,29.24777588,27.0913871,31.40416466
Non-covered,59.22555878,28.89538737,26.75132168,31.03945306
Non-covered,59.87982331,28.54143997,26.41044449,30.67243544
Non-covered,60.54131549,28.18607165,26.06886278,30.30328052
Non-covered,61.21011517,27.82942267,25.72668278,29.93216257
Non-covered,61.88630309,27.47163539,25.38400968,29.5592611
Non-covered,62.56996084,27.11285402,25.04094758,29.18476046
Non-covered,63.26117097,26.75322439,24.69759937,28.80884942
Non-covered,63.96001688,26.39289376,24.35406675,28.43172076
Non-covered,64.66658295,26.03201051,24.01045021,28.05357081
Non-covered,65.38095445,25.67072397,23.66684897,27.67459897
Non-covered,66.10321761,25.30918413,23.32336104,27.29500722
Non-covered,66.83345961,24.94754138,22.98008319,26.91499957
Non-covered,67.57176858,24.58594632,22.63711104,26.53478159
Non-covered,68.31823366,24.22454943,22.29453908,26.15455978
Non-covered,69.07294493,23.8635009,21.95246075,25.77454105
Non-covered,69.83599349,23.50295031,21.61096851,25.39493211
Non-covered,70.60747145,23.14304642,21.27015397,25.01593887
Non-covered,71.38747192,22.78393694,20.93010799,24.63776588
Non-covered,72.17608905,22.42576823,20.5909208,24.26061566
Non-covered,72.97341804,22.06868515,20.25268216,23.88468814
Non-covered,73.77955511,21.71283075,19.91548148,23.51018002
Non-covered,74.59459758,21.35834607,19.57940799,23.13728416
Non-covered,75.41864382,21.00536997,19.2445509,22.76618904
Non-covered,76.2517933,20.65403885,18.91099957,22.39707813
Non-covered,77.09414657,20.30448648,18.57884362,22.03012934
Non-covered,77.94580532,19.95684381,18.24817308,21.66551453
Non-covered,78.80687234,19.61123878,17.91907857,21.303399
Non-covered,79.67745156,19.26779617,17.59165133,20.943941
Non-covered,80.55764807,18.92663737,17.26598338,20.58729136
Non-covered,81.44756811,18.58788031,16.94216752,20.23359311
Non-covered,82.34731909,18.25163928,16.6202974,19.88298115
Non-covered,83.25700961,17.91802476,16.30046747,19.53558205
Non-covered,84.17674948,17.58714339,15.98277298,19.19151379
Non-covered,85.10664972,17.25909778,15.66730987,18.85088569
Non-covered,86.04682256,16.93398646,15.35417463,18.5137983
Non-covered,86.99738148,16.61190379,15.04346416,18.18034343
Non-covered,87.95844123,16.29293988,14.73527556,17.85060419
Non-covered,88.9301178,15.97718051,14.42970588,17.52465513
Non-covered,89.91252848,15.66470713,14.12685184,17.20256242
Non-covered,90.90579184,15.35559679,13.82680954,16.88438403
Non-covered,91.91002778,15.04992211,13.52967412,16.5701701
Non-covered,92.92535752,14.74775129,13.23553941,16.25996318
Non-covered,93.95190359,14.44914809,12.94449759,15.95379859
Non-covered,94.98978992,14.15417182,12.65663879,15.65170485
Non-covered,96.03914177,13.8628774,12.37205077,15.35370403
Non-covered,97.10008581,13.57531534,12.09081853,15.05981216
Non-covered,98.17275009,13.29153181,11.81302395,14.77003967
Non-covered,99.25726409,13.01156866,11.53874551,14.4843918
Non-covered,100.3537587,12.73546348,11.26805795,14.20286901
Non-covered,101.4623663,12.46324968,11.001032,13.92546736
Non-covered,102.5832207,12.19495652,10.7377341,13.65217895
Non-covered,103.7164571,11.93060923,10.47822623,13.38299222
Non-covered,104.8622125,11.67022903,10.22256568,13.11789237
Non-covered,106.0206249,11.41383329,9.970804943,12.85686163
Non-covered,107.1918344,11.16143556,9.722991525,12.5998796
Non-covered,108.3759822,10.91304571,9.479167919,12.34692351
Non-covered,109.5732112,10.66867001,9.239371527,12.0979685
Non-covered,110.7836661,10.42831124,9.003634636,11.85298784
Non-covered,112.0074928,10.19196878,8.771984429,11.61195314
Non-covered,113.2448392,9.959638782,8.544443014,11.37483455
Non-covered,114.4958545,9.731314205,8.321027484,11.14160093
Non-covered,115.7606898,9.506984992,8.101749999,10.91221998
Non-covered,117.0394977,9.286638157,7.886617883,10.68665843
Non-covered,118.3324326,9.070257917,7.67563375,10.46488208
Non-covered,119.6396505,8.857825807,7.468795634,10.24685598
Non-covered,120.9613093,8.649320801,7.266097144,10.03254446
Non-covered,122.2975684,8.444719436,7.067527618,9.821911253
Non-covered,123.6485892,8.243995925,6.873072298,9.614919551
Non-covered,125.0145347,8.047122283,6.682712507,9.41153206
Non-covered,126.3955698,7.854068445,6.49642583,9.21171106
Non-covered,127.7918612,7.664802379,6.314186308,9.01541845
Non-covered,129.2035774,7.479290206,6.13596462,8.822615793
Non-covered,130.6308888,7.297496315,5.961728284,8.633264345
Non-covered,132.0739677,7.119383469,5.791441843,8.447325095
Non-covered,133.5329884,6.944912925,5.625067059,8.26475879
Non-covered,135.0081268,6.774044533,5.462563103,8.085525964
Non-covered,136.4995611,6.606736849,5.303886741,7.909586957
Non-covered,138.0074712,6.442947232,5.148992518,7.736901945
Non-covered,139.5320392,6.282631946,4.99783294,7.567430953
Non-covered,141.0734491,6.125746263,4.850358645,7.401133881
Non-covered,142.631887,5.972244548,4.706518579,7.237970516
Non-covered,144.2075409,5.822080358,4.566260157,7.077900559
Non-covered,145.8006011,5.675206529,4.429529423,6.920883634
Non-covered,147.4112598,5.531575258,4.296271206,6.76687931
Non-covered,149.0397114,5.391138192,4.166429267,6.615847117
Non-covered,150.6861525,5.2538465,4.039946439,6.46774656
Non-covered,152.3507819,5.119650955,3.916764767,6.322537143
Non-covered,154.0338004,4.988502003,3.796825631,6.180178375
Non-covered,155.7354112,4.860349836,3.680069875,6.040629797
Non-covered,157.4558197,4.735144457,3.566437923,5.903850991
Non-covered,159.1952336,4.612835742,3.455869886,5.769801598
Non-covered,160.9538627,4.493373505,3.348305671,5.638441338
Non-covered,162.7319195,4.376707551,3.243685079,5.509730023
Non-covered,164.5296184,4.262787735,3.141947899,5.383627571
Non-covered,166.3471764,4.151564009,3.043033992,5.260094026
Non-covered,168.1848131,4.042986475,2.946883376,5.139089574
Non-covered,170.0427501,3.937005429,2.853436304,5.020574554
Non-covered,171.9212117,3.833571404,2.76263333,4.904509478
Non-covered,173.8204247,3.732635213,2.674415381,4.790855044
Non-covered,175.7406182,3.634147984,2.588723816,4.679572152
Non-covered,177.6820242,3.538061199,2.505500482,4.570621916
Non-covered,179.6448768,3.444326724,2.424687768,4.463965681
Non-covered,181.6294131,3.352896843,2.346228652,4.359565035
Non-covered,183.6358726,3.263724285,2.270066745,4.257381824
Non-covered,185.6644974,3.176762248,2.196146332,4.157378163
Non-covered,187.7155324,3.091964428,2.124412407,4.05951645
Non-covered,189.7892252,3.009285041,2.054810705,3.963759377
Non-covered,191.885826,2.928678838,1.987287733,3.870069944
Non-covered,194.005588,2.85010113,1.921790794,3.778411465
Non-covered,196.148767,2.773507799,1.858268013,3.688747584
Non-covered,198.3156217,2.698855318,1.796668353,3.601042283
Non-covered,200.5064136,2.626100763,1.736941634,3.515259891
Non-covered,202.7214072,2.555201822,1.67903855,3.431365093
Non-covered,204.9608699,2.486116808,1.622910677,3.349322939
Non-covered,207.2250718,2.418804669,1.568510485,3.269098854
Non-covered,209.5142864,2.353224994,1.515791347,3.19065864
Non-covered,211.8287899,2.289338016,1.464707544,3.113968489
Non-covered,214.1688618,2.227104626,1.415214265,3.038994986
Non-covered,216.5347844,2.166486367,1.367267618,2.965705116
Non-covered,218.9268434,2.107445445,1.320824621,2.89406627
Non-covered,221.3453274,2.049944726,1.275843207,2.824046246
Non-covered,223.7905284,1.993947739,1.232282219,2.755613259
Non-covered,226.2627415,1.939418677,1.19010141,2.688735943
Non-covered,228.7622652,1.886322391,1.149261431,2.623383352
Non-covered,231.289401,1.834624399,1.109723833,2.559524965
Non-covered,233.8444542,1.784290871,1.071451055,2.497130688
Non-covered,236.427733,1.735288637,1.034406416,2.436170858
Non-covered,239.0395493,1.687585177,0.998554112,2.376616243
Non-covered,241.6802183,1.641148619,0.963859197,2.318438041
Non-covered,244.3500587,1.595947734,0.930287583,2.261607885
Non-covered,247.0493929,1.551951931,0.89780602,2.206097842
Non-covered,249.7785466,1.509131252,0.866382091,2.151880413
Non-covered,252.5378493,1.467456365,0.835984199,2.098928531
Non-covered,255.327634,1.426898557,0.806581551,2.047215564
Non-covered,258.1482374,1.38742973,0.77814415,1.99671531
Non-covered,261,1.349022389,0.750642779,1.947401999