Location,year,Date and time,spd,dir,windrad
Nebraska,2018,7/10/18 8:46,3.483781056,151.6122,2.128527124
Nebraska,2018,7/10/18 9:00,3.65461824,155.1762,2.178793208
Nebraska,2018,7/10/18 9:15,3.773074965,151.9596,2.134073888
Nebraska,2018,7/10/18 9:30,4.058764715,160.461,2.25293104
Nebraska,2018,7/10/18 9:45,3.760340267,168.1632,2.360058916
Nebraska,2018,7/10/18 10:00,3.624103019,162.0378,2.273718596
Nebraska,2018,7/10/18 10:15,3.799505472,163.0746,2.288685716
Nebraska,2018,7/10/18 10:30,2.376102549,171.9648,2.408161447
Nebraska,2018,7/10/18 10:45,4.090241045,186.9138,2.622252608
Nebraska,2018,7/10/18 11:00,4.407166848,169.6716,2.382877294
Nebraska,2018,7/10/18 11:15,5.428826069,171.3456,2.409408559
Nebraska,2018,7/10/18 11:30,4.271169877,172.9242,2.427201833
Nebraska,2018,7/10/18 11:45,4.345896128,186.4458,2.616762307
Nebraska,2018,7/10/18 12:00,5.585727168,178.6392,2.510579682
Nebraska,2018,7/10/18 12:15,6.254418987,174.1176,2.451446934
Nebraska,2018,7/10/18 12:30,6.815226283,168.759,2.376840607
Nebraska,2018,7/10/18 12:45,6.912298325,166.806,2.348632197
Nebraska,2018,7/10/18 13:00,7.131190976,151.911,2.143707445
Nebraska,2018,7/10/18 13:15,7.851782699,166.6224,2.349180332
Nebraska,2018,7/10/18 13:30,7.950056128,161.9892,2.285503487
Nebraska,2018,7/10/18 13:45,7.007448149,176.3892,2.483839642
Nebraska,2018,7/10/18 14:00,6.725602837,174.0708,2.450772515
Nebraska,2018,7/10/18 14:15,7.635052544,161.4474,2.276772699
Nebraska,2018,7/10/18 14:30,7.582912363,156.6864,2.209667525
Nebraska,2018,7/10/18 14:45,8.545943915,174.8142,2.467702795
Nebraska,2018,7/10/18 15:00,6.186901056,178.9092,2.516186406
Nebraska,2018,7/10/18 15:15,6.618198869,153.3348,2.160064801
Nebraska,2018,7/10/18 15:30,6.004770837,154.1052,2.169374816
Nebraska,2018,7/10/18 15:45,6.933442731,162.7236,2.291270464
Nebraska,2018,7/10/18 16:00,5.963443136,154.431,2.173219314
Nebraska,2018,7/10/18 16:15,6.400747883,147.15,2.071821531
Nebraska,2018,7/10/18 16:30,7.281124032,145.6236,2.055826483
Nebraska,2018,7/10/18 16:45,7.814299435,148.1328,2.091956077
Nebraska,2018,7/10/18 17:00,6.557168427,142.7292,2.011907141
Nebraska,2018,7/10/18 17:15,6.911337216,149.3622,2.106941058
Nebraska,2018,7/10/18 17:30,6.396663168,157.6656,2.220207099
Nebraska,2018,7/10/18 17:45,5.852435008,142.0038,2.000063446
Nebraska,2018,7/10/18 18:00,5.920673771,161.6976,2.274659265
Nebraska,2018,7/10/18 18:15,6.318332757,141.5952,1.995339621
Nebraska,2018,7/10/18 18:30,6.085504021,149.8158,2.11036413
Nebraska,2018,7/10/18 18:45,5.091476693,151.3998,2.12871507
Nebraska,2018,7/10/18 19:00,4.359111381,148.5594,2.086635862
Nebraska,2018,7/10/18 19:15,4.774310613,139.9464,1.967612765
Nebraska,2018,7/10/18 19:30,6.809219349,142.7994,2.014401219
Nebraska,2018,7/10/18 19:45,6.525211541,141.0192,1.988995562
Nebraska,2018,7/10/18 20:00,4.536916608,146.3814,2.056678144
Nebraska,2018,7/10/18 20:15,4.933614485,143.316,2.015344839
Nebraska,2018,7/10/18 20:45,4.189475584,134.9262,1.896498467
Nebraska,2018,7/10/18 21:00,3.504204629,143.7696,2.018579198
Nebraska,2018,7/10/18 21:15,4.576081813,148.1058,2.082571163
Nebraska,2018,7/10/18 21:30,2.792503168,144.603,2.027439478
Nebraska,2018,7/10/18 21:45,3.235574571,142.3476,1.99646815
Nebraska,2018,7/10/18 22:00,3.802148523,147.8934,2.077001253
Nebraska,2018,7/10/18 22:15,3.270655061,149.0922,2.091156388
Nebraska,2018,7/10/18 22:30,4.339168363,147.96,2.079193448
Nebraska,2018,7/10/18 22:45,5.299076309,151.6392,2.134267771
Nebraska,2018,7/10/18 23:00,5.665258965,158.166,2.226959161
Nebraska,2018,7/10/18 23:15,5.739504661,156.0636,2.196044075
Nebraska,2018,7/10/18 23:30,4.600590101,164.7504,2.314420162
Nebraska,2018,7/10/18 23:45,5.355060928,156.3642,2.200467701
Nebraska,2018,7/11/18 0:00,6.176328853,156.1176,2.198383251
Nebraska,2018,7/11/18 0:15,5.081385045,151.9416,2.136745522
Nebraska,2018,7/11/18 0:30,5.704424171,155.7702,2.192593256
Nebraska,2018,7/11/18 0:45,5.172930709,155.8836,2.19189109
Nebraska,2018,7/11/18 1:00,5.059279531,157.5414,2.215352877
Nebraska,2018,7/11/18 1:15,5.075137835,157.2246,2.210363372
Nebraska,2018,7/11/18 1:30,4.258915733,156.3552,2.195599039
Nebraska,2018,7/11/18 1:45,3.979232917,160.7454,2.257552028
Nebraska,2018,7/11/18 2:00,4.188514475,167.148,2.345288548
Nebraska,2018,7/11/18 2:15,3.515978219,160.6824,2.254642663
Nebraska,2018,7/11/18 2:30,4.109222955,154.0386,2.162687047
Nebraska,2018,7/11/18 2:45,3.008512491,157.0878,2.202351548
Nebraska,2018,7/11/18 3:00,3.439329749,167.8914,2.354284476
Nebraska,2018,7/11/18 3:15,3.076030421,159.6996,2.239200791
Nebraska,2018,7/11/18 3:30,3.893694187,150.5088,2.113871407
Nebraska,2018,7/11/18 3:45,3.379740971,156.7116,2.197866237
Nebraska,2018,7/11/18 4:00,3.403288149,164.5974,2.30848864
Nebraska,2018,7/11/18 4:15,2.446023253,162.297,2.272728911
Nebraska,2018,7/11/18 4:30,1.764116181,168.3648,2.355790739
Nebraska,2018,7/11/18 4:45,2.020732373,165.3732,2.31511045
Nebraska,2018,7/11/18 5:00,1.582466517,154.8054,2.166293779
Nebraska,2018,7/11/18 5:15,2.577935509,163.6686,2.292647502
Nebraska,2018,7/11/18 5:30,2.199258432,163.8306,2.293529745
Nebraska,2018,7/11/18 5:45,2.000549077,174.6576,2.44445163
Nebraska,2018,7/11/18 6:00,2.053410091,166.5774,2.332272332
Nebraska,2018,7/11/18 6:15,1.935193643,148.1724,2.07477832
Nebraska,2018,7/11/18 6:30,1.774928661,144.009,2.015929153
Nebraska,2018,7/11/18 6:45,2.636563179,136.737,1.917022243
Nebraska,2018,7/11/18 7:00,3.276661995,143.1342,2.008289889
Nebraska,2018,7/11/18 7:15,4.24570048,162.0594,2.276033133
Nebraska,2018,7/11/18 7:30,3.551298987,166.185,2.331611876
Nebraska,2018,7/11/18 7:45,4.473002837,167.1858,2.347770569
Nebraska,2018,7/11/18 8:00,5.242130581,167.0094,2.348570205
Nebraska,2018,7/11/18 8:15,6.169601088,166.8798,2.347901315
Nebraska,2018,7/11/18 8:30,5.955513984,182.6532,2.567686708
Nebraska,2018,7/11/18 8:45,5.46390656,179.6454,2.524134042
Nebraska,2018,7/11/18 9:00,5.364672021,180.7254,2.539612088
Nebraska,2018,7/11/18 9:15,7.378436352,181.7046,2.558467635
Nebraska,2018,7/11/18 9:30,5.28730272,176.589,2.481949284
Nebraska,2018,7/11/18 9:45,5.214258411,181.4364,2.549245971
Nebraska,2018,7/11/18 10:00,5.2080112,175.2516,2.463359522
Nebraska,2018,7/11/18 10:15,6.4334256,173.4606,2.442768329
Nebraska,2018,7/11/18 10:30,5.954793152,176.9832,2.48857725
Nebraska,2018,7/11/18 10:45,5.591493824,181.665,2.553293331
Nebraska,2018,7/11/18 11:00,7.263583787,180.0414,2.534750123
Nebraska,2018,7/11/18 11:15,7.331101717,180.0954,2.536317671
Nebraska,2018,7/11/18 11:30,6.959873237,176.508,2.484353542
Nebraska,2018,7/11/18 11:45,8.728314411,175.0878,2.472600737
Nebraska,2018,7/11/18 12:00,8.888579392,166.0248,2.343499215
Nebraska,2018,7/11/18 12:15,7.21552832,182.43,2.568646458
Nebraska,2018,7/11/18 12:30,6.647752981,171.216,2.410043888
Nebraska,2018,7/11/18 12:45,7.079291072,174.8178,2.460036777
Nebraska,2018,7/11/18 13:00,8.326810987,176.2902,2.487632283
Nebraska,2018,7/11/18 13:15,7.593724843,165.069,2.326735913
Nebraska,2018,7/11/18 13:30,5.151546027,168.0948,2.363192663
Nebraska,2018,7/11/18 13:45,6.610990549,162.738,2.290523765
Nebraska,2018,7/11/18 14:00,7.951257515,180.9864,2.54755481
Nebraska,2018,7/11/18 14:15,6.645830763,179.2422,2.522609872
Nebraska,2018,7/11/18 14:30,7.848418816,188.0352,2.648025354
Nebraska,2018,7/11/18 14:45,7.442830677,180.5724,2.542474614
Nebraska,2018,7/11/18 15:00,7.287851797,180.8622,2.547594557
Nebraska,2018,7/11/18 15:15,9.468608875,181.7604,2.56611592
Nebraska,2018,7/11/18 15:30,4.874265984,183.591,2.578356952
Nebraska,2018,7/11/18 15:45,6.010297216,163.3698,2.298473085
Nebraska,2018,7/11/18 16:00,4.647684459,182.2698,2.559217563
Nebraska,2018,7/11/18 16:15,5.922595989,188.4708,2.649356094
Nebraska,2018,7/11/18 16:30,4.607317867,201.6846,2.830127487
Nebraska,2018,7/11/18 16:45,5.520131456,176.9598,2.48631726
Nebraska,2018,7/11/18 17:00,5.425221909,181.071,2.543686916
Nebraska,2018,7/11/18 17:15,3.962173227,172.4076,2.419150006
Nebraska,2018,7/11/18 17:30,4.471080619,174.4524,2.450095377
Nebraska,2018,7/11/18 17:45,4.287749013,144.2412,2.026514329
Nebraska,2018,7/11/18 18:00,5.987230592,150.2082,2.115989848
Nebraska,2018,7/11/18 18:15,5.149143253,156.2094,2.195500744
Nebraska,2018,7/11/18 18:30,4.739230123,144.1314,2.026478358
Nebraska,2018,7/11/18 18:45,6.783269397,155.4786,2.189461124
Nebraska,2018,7/11/18 19:00,4.966051925,155.628,2.185327985
Nebraska,2018,7/11/18 19:15,4.818521643,159.021,2.234552615
Nebraska,2018,7/11/18 19:30,4.024885611,155.0808,2.177398268
Nebraska,2018,7/11/18 19:45,5.564342485,144.198,2.029697993
Nebraska,2018,7/11/18 20:00,4.554216576,144.4446,2.030679518
Nebraska,2018,7/11/18 20:15,3.600796117,142.8642,2.005417413
Nebraska,2018,7/11/18 20:30,3.697627883,141.8994,1.99276821
Nebraska,2018,7/11/18 20:45,3.756976384,140.1624,1.968032837
Nebraska,2018,7/11/18 21:00,2.590429931,140.5746,1.970135583
Nebraska,2018,7/11/18 21:15,2.947722325,136.0584,1.908184627
Nebraska,2018,7/11/18 21:30,2.963340352,145.9062,2.045975274
Nebraska,2018,7/11/18 21:45,2.771118485,153.099,2.146657369
Nebraska,2018,7/11/18 22:00,2.763669888,153.8316,2.156894787
Nebraska,2018,7/11/18 22:15,2.978958379,155.7648,2.184898028
Nebraska,2018,7/11/18 22:30,3.043352704,147.7116,2.07168666
Nebraska,2018,7/11/18 22:45,3.677684864,144.7488,2.032930784
Nebraska,2018,7/11/18 23:00,3.913156651,144.7668,2.032620164
Nebraska,2018,7/11/18 23:15,3.437888085,141.2838,1.983237629
Nebraska,2018,7/11/18 23:30,3.664229333,146.8224,2.060638205
Nebraska,2018,7/11/18 23:45,3.723818112,146.1942,2.052558824
Nebraska,2018,7/12/18 0:00,4.189235307,151.0092,2.121458001
Nebraska,2018,7/12/18 0:15,5.288984661,152.7732,2.149233322
Nebraska,2018,7/12/18 0:30,4.879552085,153.153,2.152473066
Nebraska,2018,7/12/18 0:45,4.590979008,158.364,2.224578176
Nebraska,2018,7/12/18 1:00,4.837743829,158.0544,2.221056327
Nebraska,2018,7/12/18 1:15,3.844197056,158.5656,2.225401069
Nebraska,2018,7/12/18 1:30,3.952802411,165.5424,2.323729828
Nebraska,2018,7/12/18 1:45,4.041224469,165.699,2.326880913
Nebraska,2018,7/12/18 2:00,4.189715861,165.3642,2.322013314
Nebraska,2018,7/12/18 2:15,3.5861392,160.7256,2.253438394
Nebraska,2018,7/12/18 2:30,3.659904341,159.3756,2.235687561
Nebraska,2018,7/12/18 2:45,3.464558869,163.5012,2.292188904
Nebraska,2018,7/12/18 3:00,3.331925781,168.912,2.367213752
Nebraska,2018,7/12/18 3:15,3.203137131,164.4282,2.305455181
Nebraska,2018,7/12/18 3:30,2.872996075,163.3356,2.288643763
Nebraska,2018,7/12/18 3:45,2.805718421,159.8202,2.240045959
Nebraska,2018,7/12/18 4:00,2.387635861,156.4632,2.190900428
Nebraska,2018,7/12/18 4:15,1.976521344,142.3602,1.993578534
Nebraska,2018,7/12/18 4:30,1.771805056,147.0168,2.058022436
Nebraska,2018,7/12/18 4:45,2.252119445,146.3058,2.049034372
Nebraska,2018,7/12/18 5:00,1.92101728,130.4532,1.82686408
Nebraska,2018,7/12/18 5:15,2.175230699,142.9092,2.001919198
Nebraska,2018,7/12/18 5:30,2.888854379,147.8592,2.073319796
Nebraska,2018,7/12/18 5:45,2.440737152,143.6004,2.01244245
Nebraska,2018,7/12/18 6:00,3.291318912,168.3306,2.360756552
Nebraska,2018,7/12/18 6:15,2.173548757,154.3644,2.162488883
Nebraska,2018,7/12/18 6:30,2.001029632,151.0416,2.115037027
Nebraska,2018,7/12/18 6:45,2.024576811,155.088,2.171707393
Nebraska,2018,7/12/18 7:00,2.1264544,159.5448,2.234992882
Nebraska,2018,7/12/18 7:15,2.467888491,161.6328,2.264796887
Nebraska,2018,7/12/18 7:30,2.740362987,154.4166,2.165012607
Nebraska,2018,7/12/18 7:45,3.142346965,152.6004,2.138747836
Nebraska,2018,7/12/18 8:00,3.108948416,150.7374,2.113859331
Nebraska,2018,7/12/18 8:15,3.822091541,156.4344,2.196067448
Nebraska,2018,7/12/18 8:30,4.639274752,162.4302,2.281319514
Nebraska,2018,7/12/18 8:45,4.40788768,165.0096,2.31731378
Nebraska,2018,7/12/18 9:00,2.990972245,171.558,2.40456568
Nebraska,2018,7/12/18 9:15,4.691895488,183.069,2.569525198
Nebraska,2018,7/12/18 9:30,4.127724309,184.1544,2.584281852
Nebraska,2018,7/12/18 9:45,4.402841856,200.979,2.819835117
Nebraska,2018,7/12/18 10:00,4.586894293,192.609,2.703550735
Nebraska,2018,7/12/18 10:15,4.387944661,199.0512,2.792708258
Nebraska,2018,7/12/18 10:30,4.288229568,174.4596,2.449793319
Nebraska,2018,7/12/18 10:45,4.280540693,191.6316,2.688825887
Nebraska,2018,7/12/18 11:00,5.252222229,207.738,2.916871557
Nebraska,2018,7/12/18 11:15,4.206535275,189.756,2.661312372
Nebraska,2018,7/12/18 11:30,4.283664299,203.049,2.846863228
Nebraska,2018,7/12/18 11:45,5.103250283,194.2308,2.726346315
Nebraska,2018,7/12/18 12:00,4.981429675,183.6612,2.579358098
Nebraska,2018,7/12/18 12:15,4.01503424,177.8976,2.495985226
Nebraska,2018,7/12/18 12:30,3.862217856,173.754,2.436502502
Nebraska,2018,7/12/18 12:45,3.513815723,158.4216,2.22242172
Nebraska,2018,7/12/18 13:00,3.888648363,154.5048,2.169582244
Nebraska,2018,7/12/18 13:15,3.219235712,169.5906,2.377619786
Nebraska,2018,7/12/18 13:30,5.738543552,172.3212,2.42339955
Nebraska,2018,7/12/18 13:45,4.741152341,170.766,2.398627694
Nebraska,2018,7/12/18 14:00,3.973946816,146.637,2.058946969
Nebraska,2018,7/12/18 14:15,4.214224149,160.9992,2.260257019
Nebraska,2018,7/12/18 14:30,5.571310528,157.608,2.216500857
Nebraska,2018,7/12/18 14:45,4.870421547,134.1396,1.887494849
Nebraska,2018,7/12/18 15:00,4.528987456,162.3456,2.279408583
Nebraska,2018,7/12/18 15:15,4.355987776,136.8234,1.923588077
Nebraska,2018,7/12/18 15:30,5.967768128,141.4566,1.992624384
Nebraska,2018,7/12/18 15:45,4.121477099,133.7454,1.878950393
Nebraska,2018,7/12/18 16:00,4.790168917,146.0718,2.053311459
Nebraska,2018,7/12/18 16:15,4.54484576,130.5234,1.835451506
Nebraska,2018,7/12/18 16:30,5.485050965,151.7652,2.134299287
Nebraska,2018,7/12/18 16:45,5.090515584,130.8726,1.842277299
Nebraska,2018,7/12/18 17:00,3.891051136,130.1526,1.829578016
Nebraska,2018,7/12/18 17:15,2.20935008,139.6764,1.956680128
Nebraska,2018,7/12/18 17:30,7.633370603,222.5412,3.129644077
Nebraska,2018,7/12/18 17:45,6.200837141,315.1314,4.420053143
Nebraska,2018,7/12/18 18:00,6.129234496,327.0924,4.586712208
Nebraska,2018,7/12/18 18:15,4.795455019,310.14,4.346556397
Nebraska,2018,7/12/18 18:30,2.611093781,157.6314,2.209425822
Nebraska,2018,7/12/18 18:45,8.099989184,337.509,4.736848119
Nebraska,2018,7/12/18 19:00,2.194212608,260.5068,3.643577629
Nebraska,2018,7/12/18 19:15,2.742044928,269.703,3.773821864
Nebraska,2018,7/12/18 19:30,3.235574571,268.425,3.75817088
Nebraska,2018,7/12/18 19:45,2.504410645,20.385,0.292076308
Nebraska,2018,7/12/18 20:00,4.571516544,288.621,4.043833979
Nebraska,2018,7/12/18 20:15,3.631071061,312.9876,4.382869245
Nebraska,2018,7/12/18 20:30,4.879552085,190.188,2.666031625
Nebraska,2018,7/12/18 20:45,3.927813568,47.4642,0.67476965
Nebraska,2018,7/12/18 21:00,2.710088043,31.1742,0.441560387
Nebraska,2018,7/12/18 21:15,3.145951125,38.7,0.547453988
Nebraska,2018,7/12/18 21:30,3.063295723,54.7596,0.771273231
Nebraska,2018,7/12/18 21:45,3.088524843,65.1564,0.917035503
Nebraska,2018,7/12/18 22:00,8.711494997,59.328,0.855554437
Nebraska,2018,7/12/18 22:15,8.534410603,333.5634,4.683363288
Nebraska,2018,7/12/18 22:30,7.889265963,323.5572,4.54001444
Nebraska,2018,7/12/18 22:45,4.21326304,28.7928,0.412453065
Nebraska,2018,7/12/18 23:00,5.924277931,31.1634,0.452958854
Nebraska,2018,7/12/18 23:15,7.954861675,316.6218,4.446058972
Nebraska,2018,7/12/18 23:30,9.012802773,296.334,4.166490702
Nebraska,2018,7/12/18 23:45,5.371159509,302.2272,4.236508957
Nebraska,2018,7/13/18 0:00,3.729104213,321.2964,4.497800071
Nebraska,2018,7/13/18 0:15,5.911062677,320.2038,4.489338175
Nebraska,2018,7/13/18 0:30,6.389935403,282.1932,3.959603742
Nebraska,2018,7/13/18 0:45,9.000068075,299.6388,4.211653124
Nebraska,2018,7/13/18 1:00,6.014141653,302.013,4.234310756
Nebraska,2018,7/13/18 1:15,1.911165909,295.5402,4.131952172
Nebraska,2018,7/13/18 1:30,4.241375488,321.0948,4.49536263
Nebraska,2018,7/13/18 1:45,2.680533931,19.287,0.275046908
Nebraska,2018,7/13/18 2:00,2.942195947,33.057,0.469887351
Nebraska,2018,7/13/18 2:15,3.295643904,78.6096,1.107087735
Nebraska,2018,7/13/18 2:30,3.34466048,85.581,1.203940423
Nebraska,2018,7/13/18 2:45,2.442178816,79.9812,1.12377723
Nebraska,2018,7/13/18 3:00,2.266536085,86.8914,1.219217651
Nebraska,2018,7/13/18 3:15,3.708440363,64.656,0.914384814
Nebraska,2018,7/13/18 3:30,3.464318592,100.422,1.412032238
Nebraska,2018,7/13/18 3:45,2.786736512,25.4232,0.360929947
Nebraska,2018,7/13/18 4:00,3.379740971,36.5832,0.518153683
Nebraska,2018,7/13/18 4:15,3.404970091,34.542,0.489623787
Nebraska,2018,7/13/18 4:30,2.478220416,41.9022,0.59042899
Nebraska,2018,7/13/18 4:45,1.924140885,47.6118,0.669391032
Nebraska,2018,7/13/18 5:00,1.982288,60.6366,0.851306142
Nebraska,2018,7/13/18 5:15,3.861256747,75.33,1.059861639
Wisconsin,2018,11:00,1.3645,150.5166,2.627011375
Wisconsin,2018,11:15,1.35475,157,2.7401681
Wisconsin,2018,11:30,1.348,175.275,3.059127158
Wisconsin,2018,11:45,1.45275,151.075,2.636757298
Wisconsin,2018,12:00,1.30425,131.9,2.30209027
Wisconsin,2018,12:15,1.4085,142.55,2.487967915
Wisconsin,2018,12:30,1.54025,168.175,2.935208728
Wisconsin,2018,12:45,1.10475,157.75,2.753258075
Wisconsin,2018,13:00,1.26975,145.275,2.535528158
Wisconsin,2018,13:15,1.123,150.4,2.62497632
Wisconsin,2018,13:30,1.3695,133.1,2.32303423
Wisconsin,2018,13:45,1.452,130.525,2.278091983
Wisconsin,2018,14:00,1.585,129.225,2.255402693
Wisconsin,2018,14:15,1.26925,132.75,2.316925575
Wisconsin,2018,14:30,1.2685,147.575,2.575670748
Wisconsin,2018,14:45,1.63475,141.025,2.461351633
Wisconsin,2018,15:00,1.6045,131.575,2.296417948
Wisconsin,2018,15:15,1.7445,126.3,2.20435179
Wisconsin,2018,15:30,1.71475,135.825,2.370594473
Wisconsin,2018,15:45,1.371,131.475,2.294672618
Wisconsin,2018,16:00,1.72,127.45,2.224423085
Wisconsin,2018,16:15,1.515,130.575,2.278964648
Wisconsin,2018,16:30,1.33775,126.85,2.213951105
Wisconsin,2018,16:45,1.411,130.85,2.283764305
Wisconsin,2018,17:00,1.133,129.775,2.265002008
Wisconsin,2018,17:15,1.60775,137.45,2.398956085
Wisconsin,2018,17:30,1.544,131.05,2.287254965
Wisconsin,2018,17:45,1.5265,125.25,2.186025825
Wisconsin,2018,18:00,1.778,121.25,2.116212625
Wisconsin,2018,18:15,1.7175,124.3,2.16944519
Wisconsin,2018,18:30,2.00775,126.35,2.205224455
Wisconsin,2018,18:45,1.83825,125.3,2.18689849
Wisconsin,2018,19:00,1.701,127.75,2.229659075
Wisconsin,2018,19:15,1.75375,124.6,2.17468118
Wisconsin,2018,19:30,1.57,128.5,2.24274905
Wisconsin,2018,19:45,1.38375,126.1,2.20086113
Wisconsin,2018,20:00,1.3875,126.85,2.213951105
Wisconsin,2018,20:15,1.421,126.225,2.203042793
Wisconsin,2018,20:30,1.333,119.9,2.09265067
Wisconsin,2018,20:45,1.4175,118.6,2.06996138
Wisconsin,2018,21:00,1.366,118.3,2.06472539
Wisconsin,2018,21:15,1.32875,120,2.094396
Wisconsin,2018,21:30,0.83975,117.2,2.04552676
Wisconsin,2018,21:45,1.0565,120.75,2.107485975
Wisconsin,2018,22:00,0.8365,133.325,2.326961223
Wisconsin,2018,22:15,0.827,131.275,2.291181958
Wisconsin,2018,22:30,1.06625,123.8,2.16071854
Wisconsin,2018,22:45,1.0105,128.3,2.23925839
Wisconsin,2018,23:00,0.9845,138.375,2.415100388
Wisconsin,2018,23:15,0.73125,145.75,2.543818475
Wisconsin,2018,23:30,0.71125,145.1,2.53247383
Wisconsin,2018,23:45,0.9125,147.2,2.56912576
Wisconsin,2018,0:00,1.07325,134.2,2.34223286
Wisconsin,2018,0:15,1.084,126.7,2.21133311
Wisconsin,2018,0:30,0.791,140.275,2.448261658
Wisconsin,2018,0:45,0.9,138.3,2.41379139
Wisconsin,2018,1:00,0.859,136.35,2.379757455
Wisconsin,2018,1:15,0.88175,139.225,2.429935693
Wisconsin,2018,1:30,1.0145,141.225,2.464842293
Wisconsin,2018,1:45,0.883,139.95,2.442589335
Wisconsin,2018,2:00,1.15575,135.6,2.36666748
Wisconsin,2018,2:15,0.911,128,2.2340224
Wisconsin,2018,2:30,1.034,146.3,2.55341779
Wisconsin,2018,2:45,0.93625,154.9,2.70351617
Wisconsin,2018,3:00,2.50375,163.35,2.850996555
Wisconsin,2018,3:15,1.56275,172.6,3.01243958
Wisconsin,2018,3:30,1.7125,174.225,3.040801193
Wisconsin,2018,3:45,1.679,165.275,2.884594158
Wisconsin,2018,4:00,1.21425,147.7,2.57785241
Wisconsin,2018,4:15,1.249,145.6,2.54120048
Wisconsin,2018,4:30,1.1055,145.375,2.537273488
Wisconsin,2018,4:45,0.87075,140.35,2.449570655
Wisconsin,2018,5:00,1.279,128.15,2.236640395
Wisconsin,2018,5:15,1.0515,112.15,1.957387595
Wisconsin,2018,5:30,0.966,115.5,2.01585615
Wisconsin,2018,5:45,0.76125,131.9,2.30209027
Wisconsin,2018,6:00,1.20775,159.6,2.78554668
Wisconsin,2018,6:15,1.58,184.35,3.217515855
Wisconsin,2018,6:30,1.52675,182.175,3.179554928
Wisconsin,2018,6:45,1.5085,176.7,3.08399811
Wisconsin,2018,7:00,1.60725,175.9,3.07003547
Wisconsin,2018,7:15,1.83625,177.175,3.092288428
Wisconsin,2018,7:30,2.29925,179.1,3.12588603
Wisconsin,2018,7:45,2.17525,181.25,3.163410625
Wisconsin,2018,8:00,2.2705,178,3.1066874
Wisconsin,2018,8:15,2.422,180.35,3.147702655
Wisconsin,2018,8:30,2.78175,179.45,3.131994685
Wisconsin,2018,8:45,2.66425,181.5,3.16777395
Wisconsin,2018,9:00,2.606,192.6,3.36150558
Wisconsin,2018,9:15,2.86925,194.1,3.38768553
Wisconsin,2018,9:30,2.6865,195.15,3.406011495
Wisconsin,2018,9:45,2.442,199.95,3.489787335
Wisconsin,2018,10:00,2.656,197.875,3.453571738
Wisconsin,2018,10:15,2.41675,199.1,3.47495203
Wisconsin,2018,10:30,2.89625,200.775,3.504186308
Wisconsin,2018,10:45,2.648,202.225,3.529493593
Wisconsin,2018,11:00,3.273,205.95,3.594507135
Wisconsin,2018,11:15,2.99925,200.1,3.49240533
Wisconsin,2018,11:30,3.16775,193.2,3.37197756
Wisconsin,2018,11:45,2.05,184.875,3.226678838
Wisconsin,2018,12:00,2.2695,176.25,3.076144125
Wisconsin,2018,12:15,2.81425,180.85,3.156429305
Wisconsin,2018,12:30,2.5505,187,3.2637671
Wisconsin,2018,12:45,2.75375,186.2,3.24980446
Wisconsin,2018,13:00,2.4795,179.9,3.13984867
Wisconsin,2018,13:15,2.4635,183.65,3.205298545
Wisconsin,2018,13:30,3.165,181.775,3.172573608
Wisconsin,2018,13:45,2.5825,185.9,3.24456847
Wisconsin,2018,14:00,2.7315,192.025,3.351469933
Wisconsin,2018,14:15,2.685,195.9,3.41910147
Wisconsin,2018,14:30,2.43525,195.3,3.40862949
Wisconsin,2018,14:45,2.6815,190.525,3.325289983
Wisconsin,2018,15:00,3.17925,188.1,3.28296573
Wisconsin,2018,15:15,2.74175,187.15,3.266385095
Wisconsin,2018,15:30,2.783,192.675,3.362814578
Wisconsin,2018,15:45,2.80775,192.425,3.358451253
Wisconsin,2018,16:00,3.05475,197.475,3.446590418
Wisconsin,2018,16:15,3.09675,191.275,3.338379958
Wisconsin,2018,16:30,2.78875,200.925,3.506804303
Wisconsin,2018,16:45,2.4495,206.325,3.601052123
Wisconsin,2018,17:00,2.68825,207.65,3.624177745
Wisconsin,2018,17:15,2.65925,205.175,3.580980828
Wisconsin,2018,17:30,2.3895,208.6,3.64075838
Wisconsin,2018,17:45,2.24025,199.275,3.478006358
Wisconsin,2018,18:00,2.84375,195.225,3.407320493
Wisconsin,2018,18:15,2.45325,195.85,3.418228805
Wisconsin,2018,18:30,2.52525,189.075,3.299982698
Wisconsin,2018,18:45,1.963,188.65,3.292565045
Wisconsin,2018,19:00,1.77875,192.125,3.353215263
Wisconsin,2018,19:15,1.726,187.1,3.26551243
Wisconsin,2018,19:30,1.84525,187,3.2637671
Wisconsin,2018,19:45,2.104,191.075,3.334889298
Wisconsin,2018,20:00,1.27625,196.525,3.430009783
Wisconsin,2018,20:15,0.94475,185.3,3.23409649
Wisconsin,2018,20:30,1.11625,183.175,3.197008228
Wisconsin,2018,20:45,1.20475,178.875,3.121959038
Wisconsin,2018,21:00,1.60025,166.7,2.90946511
Wisconsin,2018,21:15,1.2645,158,2.7576214
Wisconsin,2018,21:30,1.69175,157.925,2.756312403
Wisconsin,2018,21:45,1.25375,164.575,2.872376848
Wisconsin,2018,22:00,1.02075,170.25,2.971424325
Wisconsin,2018,22:15,0.95525,180.025,3.142030333
Wisconsin,2018,22:30,1.446,186.725,3.258967443
Wisconsin,2018,22:45,1.32375,185.6,3.23933248
Wisconsin,2018,23:00,1.38225,214.275,3.739805858
Wisconsin,2018,23:15,2.0085,273.625,4.775659213
Wisconsin,2018,23:30,0.7655,286.375,4.998188788
Wisconsin,2018,23:45,0.503,223.275,3.896885558
Wisconsin,2018,0:00,0.682,185.4,3.23584182
Wisconsin,2018,0:15,0.88275,188.075,3.282529398
Wisconsin,2018,0:30,0.61725,194.95,3.402520835
Wisconsin,2018,0:45,0.48975,201.4,3.51509462
Wisconsin,2018,1:00,0.55975,202.35,3.531675255
Wisconsin,2018,1:15,0.566,204.9,3.57618117
Wisconsin,2018,1:30,1.0395,197.575,3.448335748
Wisconsin,2018,1:45,1.31375,182.3,3.18173659
Wisconsin,2018,2:00,1.44525,189.35,3.304782355
Wisconsin,2018,2:15,1.666,181.3,3.16428329
Wisconsin,2018,2:30,1.474,179.025,3.124577033
Wisconsin,2018,2:45,1.6225,183.175,3.197008228
Wisconsin,2018,3:00,1.77825,185.85,3.243695805
Wisconsin,2018,3:15,1.92175,186.6,3.25678578
Wisconsin,2018,3:30,2.121,188.225,3.285147393
Wisconsin,2018,3:45,2.2505,185.25,3.233223825
Wisconsin,2018,4:00,2.2335,200.4,3.49764132
Wisconsin,2018,4:15,2.03,206.05,3.596252465
Wisconsin,2018,4:30,1.8355,202.575,3.535602248
Wisconsin,2018,4:45,1.7075,199.525,3.482369683
Wisconsin,2018,5:00,1.144,208.05,3.631159065
Wisconsin,2018,5:15,0.804,214.35,3.741114855
Wisconsin,2018,5:30,0.9235,210.825,3.679591973
Wisconsin,2018,5:45,1.191,207.55,3.622432415
Wisconsin,2018,6:00,1.05225,223.5,3.90081255
Wisconsin,2018,6:15,1.914,274.85,4.797039505
Wisconsin,2018,6:30,1.276,312.9,5.46113757
Wisconsin,2018,6:45,1.27625,299.425,5.225954353
Wisconsin,2018,7:00,1.0205,278.575,4.862053048
Wisconsin,2018,7:15,1.05025,305.575,5.333292148
Wisconsin,2018,7:30,0.70075,285,4.9741905
Wisconsin,2018,7:45,0.58625,261.1,4.55705663
Wisconsin,2018,8:00,0.70225,221.325,3.862851623
Wisconsin,2018,8:15,1.32825,188.075,3.282529398
Wisconsin,2018,8:30,1.17925,181.525,3.168210283
Wisconsin,2018,8:45,1.7265,198.55,3.465352715
Wisconsin,2018,9:00,1.6125,205.825,3.592325473
Wisconsin,2018,9:15,1.1765,202.7,3.53778391
Wisconsin,2018,9:30,1.41625,207.7,3.62505041
Wisconsin,2018,9:45,1.623,203.625,3.553928213
Wisconsin,2018,10:00,1.197,209.4,3.65472102
Wisconsin,2018,10:15,1.321,203.7,3.55523721
Wisconsin,2018,10:30,0.94525,202.175,3.528620928
Wisconsin,2018,10:45,0.82525,209.3,3.65297569
Wisconsin,2018,11:00,1.071,193.375,3.375031888
Wisconsin,2018,11:15,0.79325,182.5,3.18522725
Wisconsin,2018,11:30,1.0225,169.075,2.950916698
Wisconsin,2018,11:45,0.79125,152.925,2.669045903
Wisconsin,2018,12:00,0.92025,140.2,2.44695266
Wisconsin,2018,12:15,1.24125,136.7,2.38586611
Wisconsin,2018,12:30,1.43975,153.15,2.672972895
Wisconsin,2018,12:45,1.39475,164,2.8623412
Wisconsin,2018,13:00,1.85075,152.625,2.663809913
Wisconsin,2018,13:15,1.565,156.9,2.73842277
Wisconsin,2018,13:30,1.64,167.05,2.915573765
Wisconsin,2018,13:45,1.748,191.1,3.33532563
Wisconsin,2018,14:00,1.56125,219.4,3.82925402
Wisconsin,2018,14:15,1.641,216.875,3.785184438
Wisconsin,2018,14:30,1.5985,211.1,3.68439163
Wisconsin,2018,14:45,1.71575,211.925,3.698790603
Wisconsin,2018,15:00,1.51575,213.2,3.72104356
Wisconsin,2018,15:15,1.46575,209.25,3.652103025
Wisconsin,2018,15:30,1.67625,195.85,3.418228805
Wisconsin,2018,15:45,1.50175,191.95,3.350160935
Wisconsin,2018,16:00,1.42025,197.05,3.439172765
Wisconsin,2018,16:15,1.2885,218.125,3.807001063
Wisconsin,2018,16:30,1.06525,228.575,3.989388048
Wisconsin,2018,16:45,0.694,235.2,4.10501616
Wisconsin,2018,17:00,0.58775,212.575,3.710135248
Wisconsin,2018,17:15,0.8995,202.65,3.536911245
Wisconsin,2018,17:30,1.5645,193.15,3.371104895
Wisconsin,2018,17:45,0.97825,193.625,3.379395213
Wisconsin,2018,18:00,1.0395,204.35,3.566581855
Michigan,2018,10:15,1.583164148,115.725,2.019783143
Michigan,2018,10:30,1.802367647,102.3,1.78547259
Michigan,2018,10:45,1.584913777,105.125,1.834778163
Michigan,2018,11:00,1.601160331,143.25,2.500185225
Michigan,2018,11:15,1.807116639,147.925,2.581779403
Michigan,2018,11:30,1.729133183,163.6,2.85535988
Michigan,2018,11:45,1.708387584,160.675,2.804308978
Michigan,2018,12:00,2.058313351,189.95,3.315254335
Michigan,2018,12:15,1.689891507,168.275,2.936954058
Michigan,2018,12:30,1.501431487,157.2,2.74365876
Michigan,2018,12:45,2.054064252,183.9,3.20966187
Michigan,2018,13:00,2.048065525,146.775,2.561708108
Michigan,2018,13:15,1.725633925,130.15,2.271546995
Michigan,2018,13:30,2.091806245,111.45,1.945170285
Michigan,2018,13:45,1.781622048,122,2.1293026
Michigan,2018,14:00,1.831611443,127.925,2.232713403
Michigan,2018,14:15,1.629154392,127,2.2165691
Michigan,2018,14:30,1.869103489,144.9,2.52898317
Michigan,2018,14:45,1.983079311,146.5,2.55690845
Michigan,2018,15:00,2.362998715,178.225,3.110614393
Michigan,2018,15:15,2.935377291,175.975,3.071344468
Michigan,2018,15:30,2.988116103,172.025,3.002403933
Michigan,2018,15:45,2.642189487,167,2.9147011
Michigan,2018,16:00,3.020109316,158.725,2.770275043
Michigan,2018,16:15,3.135834766,165.125,2.881976163
Michigan,2018,16:30,3.185324267,165.8,2.89375714
Michigan,2018,16:45,2.735919604,188.85,3.296055705
Michigan,2018,17:00,2.441981959,191.525,3.342743283
Michigan,2018,17:15,2.139296171,180.475,3.149884318
Michigan,2018,17:30,1.86160508,167.2,2.91819176
Michigan,2018,17:45,1.760376555,164.45,2.870195185
Michigan,2018,18:00,1.53842364,171.975,3.001531268
Michigan,2018,18:15,2.006824273,166.775,2.910774108
Michigan,2018,18:30,1.951585992,188.875,3.296492038
Michigan,2018,18:45,1.848857784,177.825,3.103633073
Michigan,2018,19:00,1.734132122,186.825,3.260712773
Michigan,2018,19:15,1.920092673,195.1,3.40513883
Michigan,2018,19:30,2.178537846,188.35,3.287329055
Michigan,2018,19:45,1.5334247,185.225,3.232787493
Michigan,2018,20:00,1.204244532,188.4,3.28820172
Michigan,2018,20:15,1.337466271,186.325,3.251986123
Michigan,2018,20:30,1.143757364,175.675,3.066108478
Michigan,2018,20:45,1.22424029,166.15,2.899865795
Michigan,2018,21:00,0.868565743,154.675,2.699589178
Michigan,2018,21:15,1.168252168,160.05,2.793400665
Michigan,2018,21:30,1.114513568,176.725,3.084434443
Michigan,2018,21:45,1.100516537,188.425,3.288638053
Michigan,2018,22:00,0.841071576,152.975,2.669918568
Michigan,2018,22:15,0.756089604,157.55,2.749767415
Michigan,2018,22:30,0.412912405,158.075,2.758930398
Michigan,2018,22:45,0.508142203,189.1,3.30041903
Michigan,2018,23:00,0.386667972,168.85,2.946989705
Michigan,2018,23:15,0.184710816,206.55,3.604979115
Michigan,2018,23:30,0.226951855,217.1,3.78911143
Michigan,2018,23:45,0.497394483,306.575,5.350745448
Michigan,2018,0:00,0.605621524,156.525,2.731877783
Michigan,2018,0:15,0.458402755,198.7,3.46797071
Michigan,2018,0:30,0.270442628,204.95,3.577053835
Michigan,2018,0:45,0.240448991,184.725,3.224060843
Michigan,2018,1:00,0.338428206,97.15,1.695588095
Michigan,2018,1:15,0.447155141,237.275,4.141231758
Michigan,2018,1:30,0.302435841,241.725,4.218898943
Michigan,2018,1:45,0.502893316,163.575,2.854923548
Michigan,2018,2:00,0.641113994,237.825,4.150831073
Michigan,2018,2:15,0.838322159,222.925,3.890776903
Michigan,2018,2:30,0.8018299,224.625,3.920447513
Michigan,2018,2:45,0.659360124,234.375,4.090617188
Michigan,2018,3:00,0.534386636,218.15,3.807437395
Michigan,2018,3:15,0.634115479,191.675,3.345361278
Michigan,2018,3:30,0.544884409,235.025,4.101961833
Michigan,2018,3:45,0.790332339,241.35,4.212353955
Michigan,2018,4:00,1.060275074,245.125,4.278240163
Michigan,2018,4:15,0.949548563,236.15,4.121596795
Michigan,2018,4:30,1.014034883,240.45,4.196645985
Michigan,2018,4:45,0.984041246,230.125,4.016440663
Michigan,2018,5:00,1.023282921,224.6,3.92001118
Michigan,2018,5:15,1.2317387,237.7,4.14864941
Michigan,2018,5:30,1.169501903,245.575,4.286094148
Michigan,2018,5:45,0.908307312,207.025,3.613269433
Michigan,2018,6:00,0.615369456,219,3.8222727
Michigan,2018,6:15,0.687604132,247.55,4.320564415
Michigan,2018,6:30,0.742592467,238.55,4.163484715
Michigan,2018,6:45,1.115013462,224.975,3.926556168
Michigan,2018,7:00,1.244236048,226.35,3.950554455
Michigan,2018,7:15,1.36396065,231.225,4.035639293
Michigan,2018,7:30,2.008573902,245.4,4.28303982
Michigan,2018,7:45,2.298012501,245.725,4.288712143
Michigan,2018,8:00,2.29476319,252.65,4.409576245
Michigan,2018,8:15,2.310259903,255.375,4.457136488
Michigan,2018,8:30,1.896097763,253.1,4.41743023
Michigan,2018,8:45,2.168539967,256.375,4.474589788
Michigan,2018,9:00,2.073560116,253.45,4.423538885
Michigan,2018,9:15,2.332505184,237.975,4.153449068
Michigan,2018,9:30,1.999825758,237.4,4.14341342
Michigan,2018,9:45,2.794407196,239.4,4.17832002
Michigan,2018,10:00,2.864642296,234.275,4.088871858
Michigan,2018,10:15,2.500469552,250.35,4.369433655
Michigan,2018,10:30,3.151581425,247.125,4.313146763
Michigan,2018,10:45,3.372284605,255.1,4.45233683
Michigan,2018,11:00,3.973157137,252.35,4.404340255
Michigan,2018,11:15,3.455766896,255.7,4.46280881
Michigan,2018,11:30,3.71746138,273.225,4.768677893
Michigan,2018,11:45,4.703002308,288.95,5.043131035
Michigan,2018,12:00,5.434597108,295.775,5.162249808
Michigan,2018,12:15,4.698003368,287.6,5.01956908
Michigan,2018,12:30,3.765451199,275.125,4.801839163
Michigan,2018,12:45,4.397567103,279.575,4.879506348
Michigan,2018,13:00,4.318833805,276.625,4.828019113
Michigan,2018,13:15,4.790983643,287.2,5.01258776
Michigan,2018,13:30,4.50604409,280.4,4.89390532
Michigan,2018,13:45,5.479087669,285.95,4.990771135
Michigan,2018,14:00,4.88221429,285.275,4.978990158
Michigan,2018,14:15,5.592563597,289.275,5.048803358
Michigan,2018,14:30,5.293627013,290.85,5.076292305
Michigan,2018,14:45,5.81301683,293.125,5.115998563
Michigan,2018,15:00,5.887251082,290.075,5.062765998
Michigan,2018,15:15,5.168653525,301.85,5.268278605
Michigan,2018,15:30,4.810729455,290.45,5.069310985
Michigan,2018,15:45,5.847509513,288.55,5.036149715
Michigan,2018,16:00,5.562070066,298.225,5.205010393
Michigan,2018,16:15,5.458841964,307.925,5.374307403
Michigan,2018,16:30,5.528327224,294.85,5.146105505
Michigan,2018,16:45,4.724997642,321.075,5.603818298
Michigan,2018,17:00,4.862718426,318.825,5.564548373
Michigan,2018,17:15,4.573779721,308.875,5.390888038
Michigan,2018,17:30,4.565531471,295.6,5.15919548
Michigan,2018,17:45,4.316334335,312.8,5.45939224
Michigan,2018,18:00,4.307836138,305.675,5.335037478
Michigan,2018,18:15,3.872678452,315.325,5.503461823
Michigan,2018,18:30,4.190860953,297.275,5.188429758
Michigan,2018,18:45,4.442057664,308.95,5.392197035
Michigan,2018,19:00,3.540998815,301.875,5.268714938
Michigan,2018,19:15,3.230064776,313.175,5.465937228
Michigan,2018,19:30,2.504968597,316.95,5.531823435
Michigan,2018,19:45,3.001363292,311,5.4279763
Michigan,2018,20:00,3.119838159,309.175,5.396124028
Michigan,2018,20:15,2.84364675,310.85,5.425358305
Michigan,2018,20:30,2.076809427,313.5,5.47160955
Michigan,2018,20:45,1.555420034,314.65,5.491680845
Michigan,2018,21:00,0.886811872,307.575,5.368198748
Michigan,2018,21:15,0.76383796,246.1,4.29525713
Michigan,2018,21:30,0.686854291,287.275,5.013896758
Michigan,2018,21:45,0.585375819,306.175,5.343764128
Michigan,2018,22:00,0.596373486,275.975,4.816674468
Michigan,2018,22:15,0.568879318,276.15,4.819728795
Michigan,2018,22:30,0.523888863,295.525,5.157886483
Michigan,2018,22:45,0.45215408,244.85,4.273440505
Michigan,2018,23:00,0.452653974,313.125,5.465064563
Michigan,2018,23:15,0.295687273,254.375,4.439683188
Michigan,2018,23:30,0.395916011,318.1,5.55189473
Michigan,2018,23:45,0.597373274,292.05,5.097236265
Michigan,2018,0:00,0.317682607,186.3,3.25154979
Michigan,2018,0:15,0.883812509,200.15,3.493277995
Michigan,2018,0:30,0.856318341,208.7,3.64250371
Michigan,2018,0:45,0.960796177,208.225,3.634213393
Michigan,2018,1:00,0.721596921,200.25,3.495023325
Michigan,2018,1:15,0.811077938,203.1,3.54476523
Michigan,2018,1:30,0.812827567,189.95,3.315254335
Michigan,2018,1:45,0.830073909,184.875,3.226678838
Michigan,2018,2:00,0.764087907,185.3,3.23409649
Michigan,2018,2:15,0.595123751,218.075,3.806128398
Michigan,2018,2:30,0.607121206,236.05,4.119851465
Michigan,2018,2:45,0.649362245,218.125,3.807001063
Michigan,2018,3:00,0.478898407,247.65,4.322309745
Michigan,2018,3:15,0.297436902,265.075,4.626433498
Michigan,2018,3:30,0.743842202,210.25,3.669556325
Michigan,2018,3:45,0.703600739,210.1,3.66693833
Michigan,2018,4:00,0.65886023,199.85,3.488042005
Michigan,2018,4:15,0.713098724,207.7,3.62505041
Michigan,2018,4:30,0.407163625,193.675,3.380267878
Michigan,2018,4:45,0.29593722,237.375,4.142977088
Michigan,2018,5:00,0.342927252,187.525,3.272930083
Michigan,2018,5:15,0.227951642,149.25,2.604905025
Michigan,2018,5:30,0.171463626,222.675,3.886413578
Michigan,2018,5:45,0.259444961,269.2,4.69842836
Michigan,2018,6:00,0.361423328,284.45,4.964591185
Michigan,2018,6:15,0.619118661,285.625,4.985098813
Michigan,2018,6:30,1.405451848,261.15,4.557929295
Michigan,2018,6:45,1.464439335,252.975,4.415248568
Michigan,2018,7:00,0.877313887,278.25,4.856380725
Michigan,2018,7:15,1.36895959,276.7,4.82932811
Michigan,2018,7:30,1.712636682,292.025,5.096799933
Michigan,2018,7:45,1.569167118,288.7,5.03876771
Michigan,2018,8:00,1.454441456,283.65,4.950628545
Michigan,2018,8:15,2.149044103,286.55,5.001243115
Michigan,2018,8:30,2.3352546,286.875,5.006915438
Michigan,2018,8:45,2.938376654,286.625,5.002552113
Michigan,2018,9:00,2.569954811,293.675,5.125597878
Michigan,2018,9:15,3.037855551,294.75,5.144360175
Michigan,2018,9:30,3.172327024,296.2,5.16966746
Michigan,2018,9:45,3.304548975,286.825,5.006042773
Michigan,2018,10:00,3.188323631,289.025,5.044440033
Michigan,2018,10:15,3.277804648,298.025,5.201519733
Michigan,2018,10:30,2.740168702,288.775,5.040076708
Michigan,2018,10:45,2.265269447,298.65,5.212428045
Michigan,2018,11:00,2.649937844,293.775,5.127343208
Michigan,2018,11:15,3.003862762,287.75,5.022187075
Michigan,2018,11:30,2.496720347,283.85,4.954119205
Michigan,2018,11:45,2.824400833,285.275,4.978990158
Michigan,2018,12:00,2.397741344,290.6,5.07192898
Michigan,2018,12:15,3.379533068,299.25,5.222900025
Michigan,2018,12:30,3.326294362,298.85,5.215918705
Michigan,2018,12:45,3.719710903,298.875,5.216355038
Michigan,2018,13:00,3.287802527,303.375,5.294894888
Michigan,2018,13:15,3.20082098,308.3,5.38085239
Michigan,2018,13:30,3.273055656,314.1,5.48208153
Michigan,2018,13:45,3.358787469,311.075,5.429285298
Michigan,2018,14:00,2.974119072,312.25,5.449792925
Michigan,2018,14:15,2.490971567,302.45,5.278750585
Michigan,2018,14:30,3.352538794,305.875,5.338528138
Michigan,2018,14:45,2.859643357,304.35,5.311911855
Michigan,2018,15:00,3.631729567,309.675,5.404850678
Michigan,2018,15:15,2.946374958,296.525,5.175339783
Michigan,2018,15:30,3.351039112,311.275,5.432775958
Michigan,2018,15:45,3.354788317,311.925,5.444120603
Michigan,2018,16:00,2.736919391,297.85,5.198465405
Michigan,2018,16:15,2.959872094,306.925,5.356854103
Michigan,2018,16:30,2.987366262,315.825,5.512188473
Michigan,2018,16:45,2.548959265,310.475,5.418813318
Michigan,2018,17:00,2.395741769,213.55,3.727152215
Michigan,2018,17:15,2.645938692,306.925,5.356854103
Michigan,2018,17:30,2.44773074,313.2,5.46637356
Michigan,2018,17:45,2.459978142,299.225,5.222463693
Michigan,2018,18:00,2.770412286,302.075,5.272205598
Michigan,2018,18:15,2.273017803,295.075,5.150032498
Michigan,2018,18:30,2.069810911,302.575,5.280932248
Michigan,2018,18:45,2.152543361,314.55,5.489935515
Michigan,2018,19:00,1.956834878,298.475,5.209373718
Michigan,2018,19:15,1.897097551,288,5.0265504
Michigan,2018,19:30,1.590162664,287.425,5.016514753
Michigan,2018,19:45,1.63265365,306.9,5.35641777
Michigan,2018,20:00,1.327218445,301.775,5.266969608
Michigan,2018,20:15,1.008785997,309.95,5.409650335
Michigan,2018,20:30,0.533136901,293.225,5.117743893
Michigan,2018,20:45,0.522389181,266.575,4.652613448
Michigan,2018,21:00,0.405413996,153.525,2.679517883
Michigan,2018,21:15,0.197958005,106.5,1.85877645
Michigan,2018,21:30,0.163215376,88.9425,1.552340135
Michigan,2018,21:45,0.168964156,141.925,2.477059603
Michigan,2018,22:00,0.235949946,249.95,4.362452335
Michigan,2018,22:15,0.199957581,259.55,4.530004015
Michigan,2018,22:30,0.253696181,162,2.8274346
Michigan,2018,22:45,0.512141355,193.025,3.368923233
Michigan,2018,23:00,0.350425661,248.05,4.329291065
Michigan,2018,23:15,0.570878894,185.45,3.236714485
Michigan,2018,23:30,1.200245381,104.225,1.819070193
Michigan,2018,23:45,1.400952803,132.55,2.313434915
Michigan,2018,0:00,1.182749092,129.45,2.259329685
Michigan,2018,0:15,0.866066273,194.225,3.389867193
Michigan,2018,0:30,0.654611131,122.55,2.138901915
Michigan,2018,0:45,0.650861927,136.25,2.378012125
Michigan,2018,1:00,0.489646127,189.775,3.312200008
Michigan,2018,1:15,0.439906678,94.5325,1.649904082
Michigan,2018,1:30,0.681605405,101.625,1.773691613
Michigan,2018,1:45,0.61336988,94.8,1.65457284
Michigan,2018,2:00,0.293937644,111.35,1.943424955
Michigan,2018,2:15,0.319682183,172.3,3.00720359
Michigan,2018,2:30,0.35792407,81.1175,1.415768063
Michigan,2018,2:45,0.436157474,117.05,2.042908765
Michigan,2018,3:00,0.342677305,75.36,1.315280688
Michigan,2018,3:15,0.528637855,112.75,1.967859575
Michigan,2018,3:30,0.328680274,74.575,1.301579848
Michigan,2018,3:45,0.250696817,152.25,2.657264925
Michigan,2018,4:00,0.41416214,43.85,0.765327205
Michigan,2018,4:15,0.163215376,158.7,2.76983871
Michigan,2018,4:30,0.396165958,45.35,0.791507155
Michigan,2018,4:45,0.197958005,225.175,3.930046828
Michigan,2018,5:00,0.408663306,52.775,0.921097908
Michigan,2018,5:15,0.213204771,216.9,3.78562077
Michigan,2018,5:30,0.16446511,205.725,3.590580143
Michigan,2018,5:45,0.340427782,67.8325,1.183900972
Michigan,2018,6:00,0.412662458,44.8,0.78190784
Michigan,2018,6:15,0.273192045,203.25,3.547383225
Michigan,2018,6:30,0.320432024,161.725,2.822634943
Michigan,2018,6:45,0.234200317,230.975,4.031275968
Michigan,2018,7:00,0.283189924,252.375,4.404776588
Michigan,2018,7:15,0.214454506,203.175,3.546074228
Michigan,2018,7:30,0.216204135,196.125,3.423028463
Michigan,2018,7:45,0.237449628,139.65,2.437353345
Indiana,2018,8/9/18 13:15,0.766844931,240.575,4.198827648
Indiana,2018,8/9/18 13:30,0.666729375,215,3.7524595
Indiana,2018,8/9/18 13:45,0.576893542,203.325,3.548692223
Indiana,2018,8/9/18 14:00,0.514209583,252.225,4.402158593
Indiana,2018,8/9/18 14:15,0.669299306,256.75,4.481134775
Indiana,2018,8/9/18 14:30,0.647510764,264.25,4.612034525
Indiana,2018,8/9/18 14:45,0.61142,249.375,4.352416688
Indiana,2018,8/9/18 15:00,0.83466875,235.75,4.114615475
Indiana,2018,8/9/18 15:15,0.878134097,231.2,4.03520296
Indiana,2018,8/9/18 15:30,0.774442986,252.175,4.401285928
Indiana,2018,8/9/18 15:45,0.666841111,224.525,3.918702183
Indiana,2018,8/9/18 16:00,0.789974306,225.675,3.938773478
Indiana,2018,8/9/18 16:15,0.64963375,237.95,4.153012735
Indiana,2018,8/9/18 16:30,0.681031597,224.1,3.91128453
Indiana,2018,8/9/18 16:45,0.627733472,227.8,3.97586174
Indiana,2018,8/9/18 17:00,0.722485694,229.775,4.010332008
Indiana,2018,8/9/18 17:15,0.789080417,245.6,4.28653048
Indiana,2018,8/9/18 17:30,0.827070694,224.375,3.916084188
Indiana,2018,8/9/18 17:45,0.779247639,244.3,4.26384119
Indiana,2018,8/9/18 18:00,0.707289583,255.15,4.453209495
Indiana,2018,8/9/18 18:15,0.714664167,247.525,4.320128083
Indiana,2018,8/9/18 18:30,0.484264306,253.025,4.416121233
Indiana,2018,8/9/18 18:45,0.731312847,234.55,4.093671515
Indiana,2018,8/9/18 19:00,0.479683125,234.325,4.089744523
Indiana,2018,8/9/18 19:15,0.535439444,224.625,3.920447513
Indiana,2018,8/9/18 19:30,0.318224444,215.775,3.765985808
Indiana,2018,8/9/18 19:45,0.272636111,211.125,3.684827963
Indiana,2018,8/9/18 20:00,0.196208611,216.7,3.78213011
Indiana,2018,8/9/18 20:15,0.231852431,224.35,3.915647855
Indiana,2018,8/9/18 20:30,0.235986667,200.625,3.501568313
Indiana,2018,8/9/18 20:45,0.175425694,220.4,3.84670732
Indiana,2018,8/9/18 21:00,0.231628958,226.425,3.951863453
Indiana,2018,8/9/18 21:15,0.269730972,215.2,3.75595016
Indiana,2018,8/9/18 21:30,0.335990486,194.075,3.387249198
Indiana,2018,8/9/18 21:45,0.340683403,187.475,3.272057418
Indiana,2018,8/9/18 22:00,0.378115,180.3,3.14682999
Indiana,2018,8/9/18 22:15,0.326492917,167.35,2.920809755
Indiana,2018,8/9/18 22:30,0.304369167,160.825,2.806926973
Indiana,2018,8/9/18 22:45,0.286379653,146.25,2.552545125
Indiana,2018,8/9/18 23:00,0.296547639,143.6,2.50629388
Indiana,2018,8/9/18 23:15,0.339119097,150.825,2.632393973
Indiana,2018,8/9/18 23:30,0.325710764,144.7,2.52549251
Indiana,2018,8/9/18 23:45,0.278446389,166.2,2.90073846
Indiana,2018,8/10/18 0:00,0.273865208,171.325,2.990186623
Indiana,2018,8/10/18 0:15,0.216768056,161.35,2.816089955
Indiana,2018,8/10/18 0:30,0.239562222,171.225,2.988441293
Indiana,2018,8/10/18 0:45,0.204141875,157.975,2.757185068
Indiana,2018,8/10/18 1:00,0.224477847,155.675,2.717042478
Indiana,2018,8/10/18 1:15,0.358896389,150.55,2.627594315
Indiana,2018,8/10/18 1:30,0.328392431,145.325,2.536400823
Indiana,2018,8/10/18 1:45,0.3218,148.75,2.596178375
Indiana,2018,8/10/18 2:00,0.245260764,149.55,2.610141015
Indiana,2018,8/10/18 2:15,0.234757569,162.2,2.83092526
Indiana,2018,8/10/18 2:30,0.259116042,157.925,2.756312403
Indiana,2018,8/10/18 2:45,0.255317014,188.425,3.288638053
Indiana,2018,8/10/18 3:00,0.140228819,199.375,3.479751688
Indiana,2018,8/10/18 3:15,0.268501875,139.325,2.431681023
Indiana,2018,8/10/18 3:30,0.120675,127.5,2.22529575
Indiana,2018,8/10/18 3:45,0.223695694,147.575,2.575670748
Indiana,2018,8/10/18 4:00,0.202689306,157.4,2.74714942
Indiana,2018,8/10/18 4:15,0.184811528,148.575,2.593124048
Indiana,2018,8/10/18 4:30,0.282915833,134.75,2.351832175
Indiana,2018,8/10/18 4:45,0.432642222,150.9,2.63370297
Indiana,2018,8/10/18 5:00,0.399568333,152.3,2.65813759
Indiana,2018,8/10/18 5:15,0.169615417,138.65,2.419900045
Indiana,2018,8/10/18 5:30,0.090617986,250.725,4.375978643
Indiana,2018,8/10/18 5:45,0.168498056,147.275,2.570434758
Indiana,2018,8/10/18 6:00,0.191515694,116.45,2.032436785
Indiana,2018,8/10/18 6:15,0.159670903,143.725,2.508475543
Indiana,2018,8/10/18 6:30,0.127267431,151.575,2.645483948
Indiana,2018,8/10/18 6:45,0.336772639,149.875,2.615813338
Indiana,2018,8/10/18 7:00,0.462475764,158.55,2.767220715
Indiana,2018,8/10/18 7:15,0.443815833,166.45,2.905101785
Indiana,2018,8/10/18 7:30,0.232858056,154.775,2.701334508
Indiana,2018,8/10/18 7:45,0.186599306,175.125,3.056509163
Indiana,2018,8/10/18 8:00,0.150955486,121.6,2.12232128
Indiana,2018,8/10/18 8:15,0.424820694,155.275,2.710061158
Indiana,2018,8/10/18 8:30,0.466945208,200.2,3.49415066
Indiana,2018,8/10/18 8:45,0.364371458,174.875,3.052145838
Indiana,2018,8/10/18 9:00,0.399791806,170.725,2.979714643
Indiana,2018,8/10/18 9:15,0.435435625,184.65,3.222751845
Indiana,2018,8/10/18 9:30,0.451860833,181.3,3.16428329
Indiana,2018,8/10/18 9:45,0.612872569,180.525,3.150756983
Indiana,2018,8/10/18 10:00,0.547506944,183.35,3.200062555
Indiana,2018,8/10/18 10:15,0.541249722,184.825,3.225806173
Indiana,2018,8/10/18 10:30,0.630750347,185.5,3.23758715
Indiana,2018,8/10/18 10:45,0.528623542,187.25,3.268130425
Indiana,2018,8/10/18 11:00,0.676003472,194.525,3.395103183
Indiana,2018,8/10/18 11:15,0.702261458,186.3,3.25154979
Indiana,2018,8/10/18 11:30,0.763828056,182.825,3.190899573
Indiana,2018,8/10/18 11:45,0.719133611,185.5,3.23758715
Indiana,2018,8/10/18 12:00,0.578904792,197.125,3.440481763
Indiana,2018,8/10/18 12:15,0.641812222,204.825,3.574872173
Indiana,2018,8/10/18 12:30,0.694998611,210.925,3.681337303
Indiana,2018,8/10/18 12:45,0.635108056,207.3,3.61806909
Indiana,2018,8/10/18 13:00,0.678126458,183.675,3.205734878
Indiana,2018,8/10/18 13:15,0.493873611,213.3,3.72278889
Indiana,2018,8/10/18 13:30,0.68181375,193.05,3.369359565
Indiana,2018,8/10/18 13:45,0.649522014,185.225,3.232787493
Indiana,2018,8/10/18 14:00,0.596335625,180.65,3.152938645
Indiana,2018,8/10/18 14:15,0.987635486,205.2,3.58141716
Indiana,2018,8/10/18 14:30,0.881821389,194.25,3.390303525
Indiana,2018,8/10/18 14:45,0.729413333,196.25,3.425210125
Indiana,2018,8/10/18 15:00,0.875564167,194.875,3.401211838
Indiana,2018,8/10/18 15:15,0.683936736,229.525,4.005968683
Indiana,2018,8/10/18 15:30,0.797460625,216.45,3.777766785
Indiana,2018,8/10/18 15:45,0.819807847,193.7,3.38070421
Indiana,2018,8/10/18 16:00,0.800142292,200,3.49066
Indiana,2018,8/10/18 16:15,0.629856458,203.1,3.54476523
Indiana,2018,8/10/18 16:30,0.776789444,202.8,3.53952924
Indiana,2018,8/10/18 16:45,0.751648819,199.05,3.474079365
Indiana,2018,8/10/18 17:00,0.798354514,200.625,3.501568313
Indiana,2018,8/10/18 17:15,0.889419444,205.1,3.57967183
Indiana,2018,8/10/18 17:30,0.656784861,208.8,3.64424904
Indiana,2018,8/10/18 17:45,0.429401875,211.075,3.683955298
Indiana,2018,8/10/18 18:00,0.450073056,185.75,3.241950475
Indiana,2018,8/10/18 18:15,0.373980764,183.525,3.203116883
Indiana,2018,8/10/18 18:30,0.309173819,192.125,3.353215263
Indiana,2018,8/10/18 18:45,0.593095278,224.125,3.911720863
Indiana,2018,8/10/18 19:00,1.799957014,306.45,5.348563785
Indiana,2018,8/10/18 19:15,1.042497917,177.525,3.098397083
Indiana,2018,8/10/18 19:30,0.296435903,156.275,2.727514458
Indiana,2018,8/10/18 19:45,0.190957014,273.025,4.765187233
Indiana,2018,8/10/18 20:00,0.19509125,218.875,3.820091038
Indiana,2018,8/10/18 20:15,0.418451736,210.175,3.668247328
Indiana,2018,8/10/18 20:30,0.645722986,209.4,3.65472102
Indiana,2018,8/10/18 20:45,0.591530972,199.325,3.478879023
Indiana,2018,8/10/18 21:00,0.322805625,189.7,3.31089101
Indiana,2018,8/10/18 21:15,0.288055694,118,2.0594894
Indiana,2018,8/10/18 21:30,0.181571181,115.875,2.022401138
Indiana,2018,8/10/18 21:45,0.165816389,161.125,2.812162963
Indiana,2018,8/10/18 22:00,0.240009167,150.425,2.625412653
Indiana,2018,8/10/18 22:15,0.311967222,165.525,2.888957483
Indiana,2018,8/10/18 22:30,0.238891806,149.55,2.610141015
Indiana,2018,8/10/18 22:45,0.225595208,191.7,3.34579761
Indiana,2018,8/10/18 23:00,0.223583958,128.425,2.241440053
Indiana,2018,8/10/18 23:15,0.250959306,211.55,3.692245615
Indiana,2018,8/10/18 23:30,0.172185347,254.675,4.444919178
Indiana,2018,8/10/18 23:45,0.248501111,187.625,3.274675413
Indiana,2018,8/11/18 0:00,0.200342847,164.05,2.863213865
Indiana,2018,8/11/18 0:15,0.244255139,217.725,3.800019743
Indiana,2018,8/11/18 0:30,0.177772153,260.925,4.554002303
Indiana,2018,8/11/18 0:45,0.1649225,194.9,3.40164817
Indiana,2018,8/11/18 1:00,0.220231875,185.95,3.245441135
Indiana,2018,8/11/18 1:15,0.182353333,174.875,3.052145838
Indiana,2018,8/11/18 1:30,0.147268194,172.325,3.007639923
Indiana,2018,8/11/18 1:45,0.225595208,186.1,3.24805913
Indiana,2018,8/11/18 2:00,0.176431319,187.925,3.279911403
Indiana,2018,8/11/18 2:15,0.131960347,198.7,3.46797071
Indiana,2018,8/11/18 2:30,0.146262569,178.4,3.11366872
Indiana,2018,8/11/18 2:45,0.249841944,162.525,2.836597583
Indiana,2018,8/11/18 3:00,0.259116042,216.05,3.770785465
Indiana,2018,8/11/18 3:15,0.263585486,302.725,5.283550243
Indiana,2018,8/11/18 3:30,0.246713333,224.175,3.912593528
Indiana,2018,8/11/18 3:45,0.194197361,89.835,1.567917206
Indiana,2018,8/11/18 4:00,0.301128819,321.775,5.616035608
Indiana,2018,8/11/18 4:15,0.210734306,86.625,1.511892113
Indiana,2018,8/11/18 4:30,0.246154653,184.825,3.225806173
Indiana,2018,8/11/18 4:45,0.399456597,168.1,2.93389973
Indiana,2018,8/11/18 5:00,0.461023194,116,2.0245828
Indiana,2018,8/11/18 5:15,0.546836528,244.5,4.26733185
Indiana,2018,8/11/18 5:30,0.542590556,245.775,4.289584808
Indiana,2018,8/11/18 5:45,0.568066389,206.1,3.59712513
Indiana,2018,8/11/18 6:00,0.57722875,305.15,5.325874495
Indiana,2018,8/11/18 6:15,0.676003472,293.65,5.125161545
Indiana,2018,8/11/18 6:30,0.621252778,254.4,4.44011952
Indiana,2018,8/11/18 6:45,0.546724792,249.4,4.35285302
Indiana,2018,8/11/18 7:00,0.452307778,334.925,5.845546503
Indiana,2018,8/11/18 7:15,0.374539444,304.9,5.32151117
Indiana,2018,8/11/18 7:30,0.304927847,257.075,4.486807098
Indiana,2018,8/11/18 7:45,0.338783889,312.9,5.46113757
Indiana,2018,8/11/18 8:00,0.329398056,299.9,5.23424467
Indiana,2018,8/11/18 8:15,0.458006319,322.25,5.624325925
Indiana,2018,8/11/18 8:30,0.531081736,318.55,5.559748715
Indiana,2018,8/11/18 8:45,0.51286875,328.5,5.73340905
Indiana,2018,8/11/18 9:00,0.566278611,325.05,5.673195165
Indiana,2018,8/11/18 9:15,0.556557569,329.2,5.74562636
Indiana,2018,8/11/18 9:30,0.608961806,299.95,5.235117335
Indiana,2018,8/11/18 9:45,0.567060764,323,5.6374159
Indiana,2018,8/11/18 10:00,0.628515625,313.85,5.477718205
Indiana,2018,8/11/18 10:15,0.693657778,317.5,5.54142275
Indiana,2018,8/11/18 10:30,0.557451458,293.725,5.126470543
Indiana,2018,8/11/18 10:45,0.675444792,222.75,3.887722575
Indiana,2018,8/11/18 11:00,0.663042083,249.9,4.36157967
Indiana,2018,8/11/18 11:15,0.835897847,270.6,4.72286298
Indiana,2018,8/11/18 11:30,1.0337825,208.35,3.636395055
Indiana,2018,8/11/18 11:45,1.016798611,61.1825,1.067836527
Indiana,2018,8/11/18 12:00,0.791203403,104.9,1.83085117
Indiana,2018,8/11/18 12:15,0.760922917,57.665,1.006444545
Indiana,2018,8/11/18 12:30,0.723379583,98.1325,1.712735962
Indiana,2018,8/11/18 12:45,0.925175,102.4,1.78721792
Indiana,2018,8/11/18 13:00,0.916571319,176.7,3.08399811
Indiana,2018,8/11/18 13:15,1.035682014,177.05,3.090106765
Indiana,2018,8/11/18 13:30,1.036687639,164.025,2.862777533
Indiana,2018,8/11/18 13:45,1.169318403,66.025,1.152354133
Indiana,2018,8/11/18 14:00,0.875340694,84.95,1.482657835
Indiana,2018,8/11/18 14:15,0.73812875,103.9,1.81339787
Indiana,2018,8/11/18 14:30,0.91914125,71.835,1.253757806
Indiana,2018,8/11/18 14:45,0.721815278,118.45,2.067343385
Indiana,2018,8/11/18 15:00,0.771873056,227.35,3.968007755
Indiana,2018,8/11/18 15:15,0.861597153,74.0175,1.291849633
Indiana,2018,8/11/18 15:30,0.819584375,46.7675,0.816247208
Indiana,2018,8/11/18 15:45,0.749637569,105.425,1.840014153
Indiana,2018,8/11/18 16:00,0.803159167,81.01,1.413891833
Indiana,2018,8/11/18 16:15,0.763157639,238.375,4.160430388
Indiana,2018,8/11/18 16:30,0.752542708,77.41,1.351059953
Indiana,2018,8/11/18 16:45,0.737681806,164.65,2.873685845
Indiana,2018,8/11/18 17:00,0.764945417,174.875,3.052145838
Indiana,2018,8/11/18 17:15,0.851540903,112,1.9547696
Indiana,2018,8/11/18 17:30,0.794220278,122.2,2.13279326
Indiana,2018,8/11/18 17:45,0.752654444,61,1.0646513
Indiana,2018,8/11/18 18:00,0.733435833,56.1175,0.979435563
Indiana,2018,8/11/18 18:15,0.761481597,64.05,1.117883865
Indiana,2018,8/11/18 18:30,0.750754931,60.85,1.062033305
Indiana,2018,8/11/18 18:45,0.753995278,63.6225,1.110422579
Indiana,2018,8/11/18 19:00,0.714440694,86.1675,1.503907228
Indiana,2018,8/11/18 19:15,0.631755972,28.6,0.49916438
Indiana,2018,8/11/18 19:30,0.533763403,54.5575,0.952208415
Indiana,2018,8/11/18 19:45,0.381690556,115.6,2.01760148
Indiana,2018,8/11/18 20:00,0.430295764,152.325,2.658573923
Indiana,2018,8/11/18 20:15,0.488063333,124.5825,2.174375747
Indiana,2018,8/11/18 20:30,0.351745278,178.275,3.111487058
Indiana,2018,8/11/18 20:45,0.248501111,326.4,5.69675712
Indiana,2018,8/11/18 21:00,0.191627431,321.25,5.606872625
Indiana,2018,8/11/18 21:15,0.202912778,325.675,5.684103478
Indiana,2018,8/11/18 21:30,0.083802083,246.975,4.310528768
Indiana,2018,8/11/18 21:45,0.18302375,279.375,4.876015688
Indiana,2018,8/11/18 22:00,0.157212708,175.925,3.070471803
Indiana,2018,8/11/18 22:15,0.244590347,318.625,5.561057713
Indiana,2018,8/11/18 22:30,0.075421875,237.75,4.149522075
Indiana,2018,8/11/18 22:45,0.188610556,226.1,3.94619113
Indiana,2018,8/11/18 23:00,0.185146736,183.7,3.20617121
Indiana,2018,8/11/18 23:15,0.104920208,251.375,4.387323288
Indiana,2018,8/11/18 23:30,0.135200694,277.025,4.835000433
Indiana,2018,8/11/18 23:45,0.134418542,241,4.2062453
Indiana,2018,8/12/18 0:00,0.149949861,245.6,4.28653048
Indiana,2018,8/12/18 0:15,0.155089722,289.375,5.050548688
Indiana,2018,8/12/18 0:30,0.153525417,141.525,2.470078283
Indiana,2018,8/12/18 0:45,0.111065694,109.4825,1.910830917
Indiana,2018,8/12/18 1:00,0.229952917,286.6,5.00211578
Indiana,2018,8/12/18 1:15,0.107378403,253.125,4.417866563
Indiana,2018,8/12/18 1:30,0.071064167,174.275,3.041673858
Indiana,2018,8/12/18 1:45,0.079220903,193.85,3.383322205
Indiana,2018,8/12/18 2:00,0.112406528,220,3.839726
Indiana,2018,8/12/18 2:15,0.248948056,212.975,3.717116568
Indiana,2018,8/12/18 2:30,0.242467361,37.0825,0.647211997
Indiana,2018,8/12/18 2:45,0.149949861,139.7,2.43822601
Indiana,2018,8/12/18 3:00,0.18704625,328.7,5.73689971
Indiana,2018,8/12/18 3:15,0.218667569,86.175,1.504038128
Indiana,2018,8/12/18 3:30,0.221349236,52.1675,0.910495028
Indiana,2018,8/12/18 3:45,0.121792361,49.4325,0.862760252
Indiana,2018,8/12/18 4:00,0.154084097,217.475,3.795656418
Indiana,2018,8/12/18 4:15,0.2373275,156.2,2.72620546
Indiana,2018,8/12/18 4:30,0.241126528,222.55,3.884231915
Indiana,2018,8/12/18 4:45,0.340906875,316.475,5.523533118
Indiana,2018,8/12/18 5:00,0.253640972,147.5,2.57436175
Indiana,2018,8/12/18 5:15,0.160564792,202.725,3.538220243
Indiana,2018,8/12/18 5:30,0.154307569,242.85,4.238533905
Indiana,2018,8/12/18 5:45,0.133971597,53.565,0.934886015
Indiana,2018,8/12/18 6:00,0.191292222,110.6,1.93033498
Indiana,2018,8/12/18 6:15,0.290737361,37.5175,0.654804183
Indiana,2018,8/12/18 6:30,0.241573472,224.575,3.919574848
Indiana,2018,8/12/18 6:45,0.365153611,320.45,5.592909985
Indiana,2018,8/12/18 7:00,0.238556597,297,5.1836301
Indiana,2018,8/12/18 7:15,0.152631528,75.5825,1.319164047
Indiana,2018,8/12/18 7:30,0.124027083,126.2,2.20260646
Indiana,2018,8/12/18 7:45,0.099221667,122.25,2.133665925
Indiana,2018,8/12/18 8:00,0.110283542,90.85,1.585632305
Indiana,2018,8/12/18 8:15,0.112965208,110.375,1.926407988
Indiana,2018,8/12/18 8:30,0.103914583,141.1,2.46266063
Indiana,2018,8/12/18 8:45,0.166486806,232.8,4.06312824
Indiana,2018,8/12/18 9:00,0.223025278,249,4.3458717
Indiana,2018,8/12/18 9:15,0.308615139,307.525,5.367326083
Indiana,2018,8/12/18 9:30,0.159335694,217.4,3.79434742
Indiana,2018,8/12/18 9:45,0.213304236,239.15,4.173956695
Indiana,2018,8/12/18 10:00,0.190845278,261.25,4.559674625
Indiana,2018,8/12/18 10:15,0.245037292,242.1,4.22544393
Indiana,2018,8/12/18 10:30,0.363812778,232.1,4.05091093
Indiana,2018,8/12/18 10:45,0.334314444,197.075,3.439609098
Indiana,2018,8/12/18 11:00,0.295430278,223.8,3.90604854
Indiana,2018,8/12/18 11:15,0.544937014,190.65,3.327471645
Indiana,2018,8/12/18 11:30,0.564490833,216.325,3.775585123
Indiana,2018,8/12/18 11:45,0.5591275,249.7,4.35808901
Indiana,2018,8/12/18 12:00,0.450184792,253.7,4.42790221
Indiana,2018,8/12/18 12:15,0.694216458,318.425,5.557567053
Indiana,2018,8/12/18 12:30,0.6395775,294.6,5.14174218
Indiana,2018,8/12/18 12:45,0.598346875,181.35,3.165155955
Indiana,2018,8/12/18 13:00,0.650974583,207.025,3.613269433
Indiana,2018,8/12/18 13:15,0.611531736,187.425,3.271184753
Indiana,2018,8/12/18 13:30,0.499907361,165.1,2.88153983
Indiana,2018,8/12/18 13:45,0.537338958,225.775,3.940518808
Indiana,2018,8/12/18 14:00,0.571195,171.85,2.999349605
Indiana,2018,8/12/18 14:15,0.529852639,248.5,4.33714505
Indiana,2018,8/12/18 14:30,0.458788472,205.575,3.587962148
Indiana,2018,8/12/18 14:45,0.512198333,167.325,2.920373423
Indiana,2018,8/12/18 15:00,0.537338958,243.2,4.24464256
Indiana,2018,8/12/18 15:15,0.603821944,284.9,4.97244517
Indiana,2018,8/12/18 15:30,0.603598472,178.65,3.118032045
Indiana,2018,8/12/18 15:45,0.611531736,154.8,2.70177084
Indiana,2018,8/12/18 16:00,0.432642222,204.475,3.568763518
Indiana,2018,8/12/18 16:15,0.501806875,299.45,5.226390685
Indiana,2018,8/12/18 16:30,0.623264028,309.8,5.40703234
Indiana,2018,8/12/18 16:45,0.330180208,213.475,3.725843218
Indiana,2018,8/12/18 17:00,0.485158194,265.675,4.636905478
Indiana,2018,8/12/18 17:15,0.480577014,317.275,5.537495758
Indiana,2018,8/12/18 17:30,0.413758819,263.9,4.60592587
Indiana,2018,8/12/18 17:45,0.347164097,227.825,3.976298073
Indiana,2018,8/12/18 18:00,0.511863125,326.425,5.697193453
Indiana,2018,8/12/18 18:15,0.534322083,302.825,5.285295573
Indiana,2018,8/12/18 18:30,0.610079167,198.175,3.458807728
Indiana,2018,8/12/18 18:45,0.460017569,127.875,2.231840738
Indiana,2018,8/12/18 19:00,0.482476528,316.35,5.521351455
Indiana,2018,8/12/18 19:15,0.308391667,322.375,5.626507588
Indiana,2018,8/12/18 19:30,0.242132153,322.85,5.634797905
Indiana,2018,8/12/18 19:45,0.203024514,295.7,5.16094081
Indiana,2018,8/12/18 20:00,0.226042153,286.975,5.008660768
Indiana,2018,8/12/18 20:15,0.369064375,301.05,5.254315965
Indiana,2018,8/12/18 20:30,0.335208333,325,5.6723225
Indiana,2018,8/12/18 20:45,0.311296806,328.3,5.72991839
Indiana,2018,8/12/18 21:00,0.322693889,322.85,5.634797905
Ontario,2018,7/25/18 11:30,1.616654362,233.975,4.083635868
Ontario,2018,7/25/18 11:45,1.443191448,272.4,4.75427892
Ontario,2018,7/25/18 12:00,1.442691555,312.45,5.453283585
Ontario,2018,7/25/18 12:15,1.338463839,209.925,3.663884003
Ontario,2018,7/25/18 12:30,1.078769361,133.475,2.329579218
Ontario,2018,7/25/18 12:45,1.430194227,211.5,3.69137295
Ontario,2018,7/25/18 13:00,1.454189097,295.975,5.165740468
Ontario,2018,7/25/18 13:15,1.227987458,294.85,5.146105505
Ontario,2018,7/25/18 13:30,1.347211968,307.025,5.358599433
Ontario,2018,7/25/18 13:45,1.19299494,216.3,3.77514879
Ontario,2018,7/25/18 14:00,1.382454434,80,1.396264
Ontario,2018,7/25/18 14:15,1.096015674,200.375,3.497204988
Ontario,2018,7/25/18 14:30,0.921552974,260.275,4.542657658
Ontario,2018,7/25/18 14:45,1.238235267,295.675,5.160504478
Ontario,2018,7/25/18 15:00,1.572413821,312.7,5.45764691
Ontario,2018,7/25/18 15:15,1.447190593,315.8,5.51175214
Ontario,2018,7/25/18 15:30,2.46522294,109.9,1.91811767
Ontario,2018,7/25/18 15:45,1.711384109,45.2325,0.789456392
Ontario,2018,7/25/18 16:00,1.576163019,85.185,1.486759361
Ontario,2018,7/25/18 16:15,1.578412538,132.5,2.31256225
Ontario,2018,7/25/18 16:30,1.59865821,130.35,2.275037655
Ontario,2018,7/25/18 16:45,1.496430066,71.56,1.248958148
Ontario,2018,7/25/18 17:00,1.440941929,41.42,0.722915686
Ontario,2018,7/25/18 17:15,1.409948555,51.3825,0.896794187
Ontario,2018,7/25/18 17:30,1.236985535,43.9975,0.767901567
Ontario,2018,7/25/18 17:45,1.309470038,50.3,0.87790099
Ontario,2018,7/25/18 18:00,1.506677875,180.325,3.147266323
Ontario,2018,7/25/18 18:15,0.892809119,59.085,1.031228231
Ontario,2018,7/25/18 18:30,0.870313928,32.1825,0.561690827
Ontario,2018,7/25/18 18:45,0.841570074,36.965,0.645161235
Ontario,2018,7/25/18 19:00,0.8105767,43.6,0.76096388
Ontario,2018,7/25/18 19:15,0.927801638,40.75,0.711221975
Ontario,2018,7/25/18 19:30,0.926052012,60.88,1.062556904
Ontario,2018,7/25/18 19:45,0.480397292,69.765,1.217629475
Ontario,2018,7/25/18 20:00,0.351174919,93.125,1.625338563
Ontario,2018,7/25/18 20:15,0.49364446,78.7575,1.374578275
Ontario,2018,7/25/18 20:30,0.622366939,73.875,1.289362538
Ontario,2018,7/25/18 20:45,0.441405628,138.55,2.418154715
Ontario,2018,7/25/18 21:00,0.354674171,111.175,1.940370628
Ontario,2018,7/25/18 21:15,0.207955539,112.925,1.970913903
Ontario,2018,7/25/18 21:30,0.186210189,140.35,2.449570655
Ontario,2018,7/25/18 21:45,0.23045073,298.1,5.20282873
Ontario,2018,7/25/18 22:00,0.141969647,184.85,3.226242505
Ontario,2018,7/25/18 22:15,0.313932882,107.85,1.882338405
Ontario,2018,7/25/18 22:30,0.293437264,92.75,1.618793575
Ontario,2018,7/25/18 22:45,0.274441325,148.75,2.596178375
Ontario,2018,7/25/18 23:00,0.327929889,160.15,2.795145995
Ontario,2018,7/25/18 23:15,0.287688493,115.5,2.01585615
Ontario,2018,7/25/18 23:30,0.213454364,205.625,3.588834813
Ontario,2018,7/25/18 23:45,0.588624153,155.625,2.716169813
Ontario,2018,7/26/18 0:00,0.310683576,173.425,3.026838553
Ontario,2018,7/26/18 0:15,0.220952761,177.35,3.095342755
Ontario,2018,7/26/18 0:30,0.168713929,211.3,3.68788229
Ontario,2018,7/26/18 0:45,0.483896544,339,5.9166687
Ontario,2018,7/26/18 1:00,0.271941859,47.7325,0.833089642
Ontario,2018,7/26/18 1:15,0.207705593,76.8425,1.341155205
Ontario,2018,7/26/18 1:30,0.25519544,175.025,3.054763833
Ontario,2018,7/26/18 1:45,0.27119202,104.6,1.82561518
Ontario,2018,7/26/18 2:00,0.156966441,126.0425,2.199857565
Ontario,2018,7/26/18 2:15,0.215703883,47.0825,0.821744997
Ontario,2018,7/26/18 2:30,0.254195653,61.015,1.0649131
Ontario,2018,7/26/18 2:45,0.260194371,82.125,1.433352263
Ontario,2018,7/26/18 3:00,0.211204845,112.575,1.964805248
Ontario,2018,7/26/18 3:15,0.107976915,146.3,2.55341779
Ontario,2018,7/26/18 3:30,0.142969433,227.9,3.97760707
Ontario,2018,7/26/18 3:45,0.267942714,304.475,5.314093518
Ontario,2018,7/26/18 4:00,0.723095403,282.5,4.93055725
Ontario,2018,7/26/18 4:15,0.268192661,124.625,2.175117513
Ontario,2018,7/26/18 4:30,0.27769063,184.5,3.22013385
Ontario,2018,7/26/18 4:45,0.189959387,256.125,4.470226463
Ontario,2018,7/26/18 5:00,0.347925614,145.225,2.534655493
Ontario,2018,7/26/18 5:15,0.35767353,163.425,2.852305553
Ontario,2018,7/26/18 5:30,0.635614107,147.3,2.57087109
Ontario,2018,7/26/18 5:45,0.57937613,178.075,3.107996398
Ontario,2018,7/26/18 6:00,0.78658183,217.4,3.79434742
Ontario,2018,7/26/18 6:15,0.648861275,223.15,3.894703895
Ontario,2018,7/26/18 6:30,1.149504238,234.775,4.097598508
Ontario,2018,7/26/18 6:45,0.958795011,205.95,3.594507135
Ontario,2018,7/26/18 7:00,1.063022728,235.15,4.104143495
Ontario,2018,7/26/18 7:15,1.632650942,244.6,4.26907718
Ontario,2018,7/26/18 7:30,1.800365085,238.1,4.15563073
Ontario,2018,7/26/18 7:45,1.983325968,227.1,3.96364443
Ontario,2018,7/26/18 8:00,2.580698251,237.225,4.140359093
Ontario,2018,7/26/18 8:15,2.933622796,237.4,4.14341342
Ontario,2018,7/26/18 8:30,3.106835764,243.8,4.25511454
Ontario,2018,7/26/18 8:45,3.710706657,230.725,4.026912643
Ontario,2018,7/26/18 9:00,3.205814602,236.975,4.135995768
Ontario,2018,7/26/18 9:15,3.561238613,235.225,4.105452493
Ontario,2018,7/26/18 9:30,3.117333519,238.675,4.165666378
Ontario,2018,7/26/18 9:45,3.097587741,247.325,4.316637423
Ontario,2018,7/26/18 10:00,3.23505835,245.45,4.283912485
Ontario,2018,7/26/18 10:15,2.872635835,242.225,4.227625593
Ontario,2018,7/26/18 10:30,3.096587955,238.325,4.159557723
Ontario,2018,7/26/18 10:45,3.287047235,242.075,4.225007598
Ontario,2018,7/26/18 11:00,2.815897966,238.275,4.158685058
Ontario,2018,7/26/18 11:15,2.699172921,244.8,4.27256784
Ontario,2018,7/26/18 11:30,3.039850085,225.95,3.943573135
Ontario,2018,7/26/18 11:45,2.820896897,233.7,4.07883621
Ontario,2018,7/26/18 12:00,2.645184464,237.775,4.149958408
Ontario,2018,7/26/18 12:15,2.522710649,238.925,4.170029703
Ontario,2018,7/26/18 12:30,2.223024721,226.45,3.952299785
Ontario,2018,7/26/18 12:45,1.793866474,249.7,4.35808901
Ontario,2018,7/26/18 13:00,1.815111932,236.925,4.135123103
Ontario,2018,7/26/18 13:15,2.291260132,237.45,4.144286085
Ontario,2018,7/26/18 13:30,2.448726466,227.825,3.976298073
Ontario,2018,7/26/18 13:45,2.78215518,224.125,3.911720863
Ontario,2018,7/26/18 14:00,2.525460061,222.975,3.891649568
Ontario,2018,7/26/18 14:15,2.024317204,219.825,3.836671673
Ontario,2018,7/26/18 14:30,1.91559045,218.95,3.821400035
Ontario,2018,7/26/18 14:45,1.807363589,199.575,3.483242348
Ontario,2018,7/26/18 15:00,1.7811192,199.875,3.488478338
Ontario,2018,7/26/18 15:15,1.489181615,191.15,3.336198295
Ontario,2018,7/26/18 15:30,1.287224794,219.325,3.827945023
Ontario,2018,7/26/18 15:45,0.917803775,244.65,4.269949845
Ontario,2018,7/26/18 16:00,0.958045172,216.875,3.785184438
Ontario,2018,7/26/18 16:15,1.627652011,229.675,4.008586678
Ontario,2018,7/26/18 16:30,1.854603489,235.125,4.103707163
Ontario,2018,7/26/18 16:45,1.565415317,249.55,4.355471015
Ontario,2018,7/26/18 17:00,1.189745634,269.525,4.704100683
Ontario,2018,7/26/18 17:15,1.321717419,251.875,4.396049938
Ontario,2018,7/26/18 17:30,1.269478588,242.4,4.23067992
Ontario,2018,7/26/18 17:45,1.028280155,244.275,4.263404858
Ontario,2018,7/26/18 18:00,1.007784537,294.8,5.14523284
Ontario,2018,7/26/18 18:15,0.695351335,292.45,5.104217585
Ontario,2018,7/26/18 18:30,0.513140291,298.9,5.21679137
Ontario,2018,7/26/18 18:45,0.490145208,322.45,5.627816585
Ontario,2018,7/26/18 19:00,0.411661987,305.35,5.329365155
Ontario,2018,7/26/18 19:15,0.283689348,287.2,5.01258776
Ontario,2018,7/26/18 19:30,0.408162735,298.6,5.21155538
Ontario,2018,7/26/18 19:45,0.663108229,288.1,5.02829573
Ontario,2018,7/26/18 20:00,0.588624153,318.7,5.56236671
Ontario,2018,7/26/18 20:15,1.015032988,292.175,5.099417928
Ontario,2018,7/26/18 20:30,1.31146961,296.05,5.167049465
Ontario,2018,7/26/18 20:45,1.055274384,296.075,5.167485798
Ontario,2018,7/26/18 21:00,0.711097968,294.15,5.133888195
Ontario,2018,7/26/18 21:15,0.570128108,293.6,5.12428888
Ontario,2018,7/26/18 21:30,0.53288607,304.8,5.31976584
Ontario,2018,7/26/18 21:45,0.688352831,300.325,5.241662323
Ontario,2018,7/26/18 22:00,0.472898895,300.15,5.238607995
Ontario,2018,7/26/18 22:15,0.311433416,285.825,4.988589473
Ontario,2018,7/26/18 22:30,0.380418667,274.9,4.79791217
Ontario,2018,7/26/18 22:45,0.477147987,273.425,4.772168553
Ontario,2018,7/26/18 23:00,0.574877092,258.725,4.515605043
Ontario,2018,7/26/18 23:15,0.499393231,285.8,4.98815314
Ontario,2018,7/26/18 23:30,0.54088436,279.5,4.87819735
Ontario,2018,7/26/18 23:45,0.891809333,273.725,4.777404543
Ontario,2018,7/27/18 0:00,1.41544738,281.325,4.910049623
Ontario,2018,7/27/18 0:15,1.077269682,300.4,5.24297132
Ontario,2018,7/27/18 0:30,0.921303027,301.425,5.260860953
Ontario,2018,7/27/18 0:45,0.775834128,289.675,5.055784678
Ontario,2018,7/27/18 1:00,0.801328677,291.275,5.083709958
Ontario,2018,7/27/18 1:15,0.475398361,280.225,4.890850993
Ontario,2018,7/27/18 1:30,0.595872603,265.85,4.639959805
Ontario,2018,7/27/18 1:45,0.502392589,258.65,4.514296045
Ontario,2018,7/27/18 2:00,0.404413537,232.5,4.05789225
Ontario,2018,7/27/18 2:15,0.333428714,289.475,5.052294018
Ontario,2018,7/27/18 2:30,0.719596152,294.925,5.147414503
Ontario,2018,7/27/18 2:45,0.65860919,258.925,4.519095703
Ontario,2018,7/27/18 3:00,0.544133665,225.3,3.93222849
Ontario,2018,7/27/18 3:15,0.46964959,207.75,3.625923075
Ontario,2018,7/27/18 3:30,0.457402208,228.625,3.990260713
Ontario,2018,7/27/18 3:45,0.46090146,233.575,4.076654548
Ontario,2018,7/27/18 4:00,0.330679301,260,4.537858
Ontario,2018,7/27/18 4:15,0.498643391,227.6,3.97237108
Ontario,2018,7/27/18 4:30,0.436656644,220.925,3.855870303
Ontario,2018,7/27/18 4:45,0.241448379,290.325,5.067129323
Ontario,2018,7/27/18 5:00,0.209705165,231.625,4.042620613
Ontario,2018,7/27/18 5:15,0.369670965,173.65,3.030765545
Ontario,2018,7/27/18 5:30,0.385917491,251,4.3807783
Ontario,2018,7/27/18 5:45,0.728094335,266.025,4.643014133
Ontario,2018,7/27/18 6:00,0.945297897,256.475,4.476335118
Ontario,2018,7/27/18 6:15,0.8578166,266.4,4.64955912
Ontario,2018,7/27/18 6:30,1.181747344,265.425,4.632542153
Ontario,2018,7/27/18 6:45,1.697886995,275.25,4.804020825
Ontario,2018,7/27/18 7:00,1.242734306,271.5,4.73857095
Ontario,2018,7/27/18 7:15,1.468685997,259.525,4.529567683
Ontario,2018,7/27/18 7:30,1.260480511,265.475,4.633414818
Ontario,2018,7/27/18 7:45,1.257231206,270.25,4.716754325
Ontario,2018,7/27/18 8:00,1.332465121,246.975,4.310528768
Ontario,2018,7/27/18 8:15,1.441941715,274.575,4.792239848
Ontario,2018,7/27/18 8:30,1.454439043,261.425,4.562728953
Ontario,2018,7/27/18 8:45,1.662394583,288.85,5.041385705
Ontario,2018,7/27/18 9:00,1.494930386,284.1,4.95848253
Ontario,2018,7/27/18 9:15,1.481433272,286.575,5.001679448
Ontario,2018,7/27/18 9:30,1.509427287,255.2,4.45408216
Ontario,2018,7/27/18 9:45,1.847854932,243.275,4.245951558
Ontario,2018,7/27/18 10:00,1.486432203,251.5,4.38950495
Ontario,2018,7/27/18 10:15,2.223274668,259.5,4.52913135
Ontario,2018,7/27/18 10:30,2.165537012,256.525,4.477207783
Ontario,2018,7/27/18 10:45,2.236271889,278.725,4.864671043
Ontario,2018,7/27/18 11:00,1.99407367,273.75,4.777840875
Ontario,2018,7/27/18 11:15,1.846355252,283.725,4.951937543
Ontario,2018,7/27/18 11:30,1.383954113,288.65,5.037895045
Ontario,2018,7/27/18 11:45,1.640649232,303.175,5.291404228
Ontario,2018,7/27/18 12:00,1.624402705,291.55,5.088509615
Ontario,2018,7/27/18 12:15,1.021531598,286.975,5.008660768
Ontario,2018,7/27/18 12:30,1.377955395,235.475,4.109815818
Ontario,2018,7/27/18 12:45,2.255017881,240.875,4.204063638
Ontario,2018,7/27/18 13:00,1.849354611,245.925,4.292202803
Ontario,2018,7/27/18 13:15,2.236271889,244.775,4.272131508
Ontario,2018,7/27/18 13:30,2.152789737,241.3,4.21148129
Ontario,2018,7/27/18 13:45,2.200779477,244.7,4.27082251
Ontario,2018,7/27/18 14:00,2.123545989,246,4.2935118
Ontario,2018,7/27/18 14:15,2.629437831,240.575,4.198827648
Ontario,2018,7/27/18 14:30,2.339249872,255.975,4.467608468
Ontario,2018,7/27/18 14:45,1.485682364,296.525,5.175339783
Ontario,2018,7/27/18 15:00,0.867814463,282,4.9218306
Ontario,2018,7/27/18 15:15,1.008784324,246.325,4.299184123
Ontario,2018,7/27/18 15:30,1.084518132,245.85,4.290893805
Ontario,2018,7/27/18 15:45,1.559166653,249.55,4.355471015
Ontario,2018,7/27/18 16:00,1.904592801,230.95,4.030839635
Ontario,2018,7/27/18 16:15,1.432943639,229.325,4.002478023
Ontario,2018,7/27/18 16:30,1.57316366,223.35,3.898194555
Ontario,2018,7/27/18 16:45,1.539670821,227.45,3.969753085
Ontario,2018,7/27/18 17:00,1.155253009,238.7,4.16610271
Ontario,2018,7/27/18 17:15,0.972042179,254.125,4.435319863
Ontario,2018,7/27/18 17:30,1.275477305,282.875,4.937102238
Ontario,2018,7/27/18 17:45,2.373492551,167.35,2.920809755
Ontario,2018,7/27/18 18:00,2.005321266,162.4,2.83441592
Ontario,2018,7/27/18 18:15,1.361958816,151.15,2.638066295
Ontario,2018,7/27/18 18:30,1.012033629,44.5575,0.777675415
Ontario,2018,7/27/18 18:45,1.23298639,67.5675,1.179275848
Ontario,2018,7/27/18 19:00,0.530886497,92.7425,1.618662675
Ontario,2018,7/27/18 19:15,0.381418453,78.025,1.361793733
Ontario,2018,7/27/18 19:30,0.328429782,174.525,3.046037183
Ontario,2018,7/27/18 19:45,0.23045073,170.9,2.98276897
Ontario,2018,7/27/18 20:00,0.369920912,216.875,3.785184438
Ontario,2018,7/27/18 20:15,0.305684645,195.275,3.408193158
Ontario,2018,7/27/18 20:30,0.244447737,194.925,3.402084503
Ontario,2018,7/27/18 20:45,0.520138795,299.1,5.22028203
Ontario,2018,7/27/18 21:00,0.566378909,291.15,5.081528295
Ontario,2018,7/27/18 21:15,0.683853793,287.375,5.015642088
Ontario,2018,7/27/18 21:30,1.156752688,290.425,5.068874653
Ontario,2018,7/27/18 21:45,0.927301744,297.75,5.196720075
Ontario,2018,7/27/18 22:00,0.92105308,282.9,4.93753857
Ontario,2018,7/27/18 22:15,0.609119771,276.475,4.825401118
Ontario,2018,7/27/18 22:30,0.616368222,264.275,4.612470858
Ontario,2018,7/27/18 22:45,0.527387245,278.875,4.867289038
Ontario,2018,7/27/18 23:00,0.701350053,295.25,5.153086825
Ontario,2018,7/27/18 23:15,0.761837121,289.25,5.048367025
Ontario,2018,7/27/18 23:30,1.00253566,270.3,4.71762699
Ontario,2018,7/27/18 23:45,1.738128391,279.725,4.882124343
Ontario,2018,7/28/18 0:00,1.884097183,297.875,5.198901738
Ontario,2018,7/28/18 0:15,1.660894903,297.575,5.193665748
Ontario,2018,7/28/18 0:30,1.386703525,291.05,5.079782965
Ontario,2018,7/28/18 0:45,1.111012467,292.15,5.098981595
Ontario,2018,7/28/18 1:00,0.947297469,289.125,5.046185363
Ontario,2018,7/28/18 1:15,1.152503597,274.675,4.793985178
Ontario,2018,7/28/18 1:30,1.359959243,287.2,5.01258776
Ontario,2018,7/28/18 1:45,0.889309867,296.6,5.17664878
Ontario,2018,7/28/18 2:00,0.695101388,282.275,4.926630258
Ontario,2018,7/28/18 2:15,0.312683149,189.625,3.309582013
Ontario,2018,7/28/18 2:30,0.250196508,257.375,4.492043088
Ontario,2018,7/28/18 2:45,0.236949341,236.4,4.12596012
Ontario,2018,7/28/18 3:00,0.546633131,241.3,4.21148129
Ontario,2018,7/28/18 3:15,0.876312646,276.675,4.828891778
Ontario,2018,7/28/18 3:30,0.979290629,270.975,4.729407968
Ontario,2018,7/28/18 3:45,0.926052012,277.625,4.845472413
Ontario,2018,7/28/18 4:00,0.867564516,274.675,4.793985178
Ontario,2018,7/28/18 4:15,1.090266903,267.25,4.664394425
Ontario,2018,7/28/18 4:30,1.035528606,258.425,4.510369053
Ontario,2018,7/28/18 4:45,0.953546133,260.7,4.55007531
Ontario,2018,7/28/18 5:00,0.935549981,264.15,4.610289195
Ontario,2018,7/28/18 5:15,1.115511506,275.675,4.811438478
Ontario,2018,7/28/18 5:30,1.242734306,267.5,4.66875775
Ontario,2018,7/28/18 5:45,1.348211755,275.875,4.814929138
Ontario,2018,7/28/18 6:00,1.682640254,266.975,4.659594768
Ontario,2018,7/28/18 6:15,1.59715853,275,4.7996575
Ontario,2018,7/28/18 6:30,1.874349267,285.275,4.978990158
Ontario,2018,7/28/18 6:45,1.401950265,296.475,5.174467118
Ontario,2018,7/28/18 7:00,1.772121124,308.55,5.385215715
Ontario,2018,7/28/18 7:15,1.530672745,297.45,5.191484085
Ontario,2018,7/28/18 7:30,1.834357817,294.2,5.13476086
Ontario,2018,7/28/18 7:45,1.629401637,301.525,5.262606283
Ontario,2018,7/28/18 8:00,1.808863268,299.55,5.228136015
Ontario,2018,7/28/18 8:15,1.98757506,291.35,5.085018955
Ontario,2018,7/28/18 8:30,1.95483206,299.025,5.218973033
Ontario,2018,7/28/18 8:45,2.365994154,302.725,5.283550243
Ontario,2018,7/28/18 9:00,2.321003773,296.7,5.17839411
Arkansas,2018,7/16/18 15:00,0.895,308.5,
Arkansas,2018,7/16/18 15:15,1.35,323.5,
Arkansas,2018,7/16/18 15:30,1.3425,236.75,
Arkansas,2018,7/16/18 15:45,0.9425,221.25,
Arkansas,2018,7/16/18 16:00,1.3175,261.25,
Arkansas,2018,7/16/18 16:15,0.795,274.25,
Arkansas,2018,7/16/18 16:30,1.2125,291.25,
Arkansas,2018,7/16/18 16:45,0.605,281.75,
Arkansas,2018,7/16/18 17:00,1.3525,283,
Arkansas,2018,7/16/18 17:15,1.485,304.25,
Arkansas,2018,7/16/18 17:30,1.7475,277.5,
Arkansas,2018,7/16/18 17:45,1.1775,269.25,
Arkansas,2018,7/16/18 18:00,1.235,285.25,
Arkansas,2018,7/16/18 18:15,1.4075,258,
Arkansas,2018,7/16/18 18:30,1.245,279.75,
Arkansas,2018,7/16/18 18:45,1.37,270,
Arkansas,2018,7/16/18 19:00,0.795,291.5,
Arkansas,2018,7/16/18 19:15,0.8275,263.75,
Arkansas,2018,7/16/18 19:30,1.365,265.75,
Arkansas,2018,7/16/18 19:45,1.165,252.25,
Arkansas,2018,7/16/18 20:00,0.8725,277.25,
Arkansas,2018,7/16/18 20:15,1.03,245,
Arkansas,2018,7/16/18 20:30,0.515,157,
Arkansas,2018,7/16/18 20:45,1.035,208,
Arkansas,2018,7/16/18 21:00,0.5975,244.25,
Arkansas,2018,7/16/18 21:15,1.04,198.5,
Arkansas,2018,7/16/18 21:30,0.46,231,
Arkansas,2018,7/16/18 21:45,0.7125,278.75,
Arkansas,2018,7/16/18 22:00,0.3825,267.5,
Arkansas,2018,7/16/18 22:15,0.075,294.25,
Arkansas,2018,7/16/18 22:30,0.725,141.5,
Arkansas,2018,7/16/18 22:45,0.6575,154.75,
Arkansas,2018,7/16/18 23:00,0.4175,180,
Arkansas,2018,7/16/18 23:15,0.53,27.25,
Arkansas,2018,7/16/18 23:30,0.51,264.75,
Arkansas,2018,7/16/18 23:45,0.1375,101.5,
Arkansas,2018,7/17/18 0:00,0.7325,178,
Arkansas,2018,7/17/18 0:15,1.1425,181.5,
Arkansas,2018,7/17/18 0:30,1.7475,192.75,
Arkansas,2018,7/17/18 0:45,0.3975,211.75,
Arkansas,2018,7/17/18 1:00,0.9225,177.75,
Arkansas,2018,7/17/18 1:15,1.595,199,
Arkansas,2018,7/17/18 1:30,1.0375,166.75,
Arkansas,2018,7/17/18 1:45,0.6525,163.25,
Arkansas,2018,7/17/18 2:00,0.9325,200.75,
Arkansas,2018,7/17/18 2:15,0.735,175.25,
Arkansas,2018,7/17/18 2:30,1.07,209.75,
Arkansas,2018,7/17/18 2:45,0.71,189.5,
Arkansas,2018,7/17/18 3:00,1.0275,182,
Arkansas,2018,7/17/18 3:15,1.2175,232.5,
Arkansas,2018,7/17/18 3:30,2.38,218.25,
Arkansas,2018,7/17/18 3:45,0.7175,233.75,
Arkansas,2018,7/17/18 4:00,0.7775,211.25,
Arkansas,2018,7/17/18 4:15,0.755,201.5,
Arkansas,2018,7/17/18 4:30,0.2725,279,
Arkansas,2018,7/17/18 4:45,0.48,225,
Arkansas,2018,7/17/18 5:00,0.9025,218,
Arkansas,2018,7/17/18 5:15,0.595,220.75,
Arkansas,2018,7/17/18 5:30,0.7125,184.5,
Arkansas,2018,7/17/18 5:45,0.8175,231.25,
Arkansas,2018,7/17/18 6:00,0.75,158.75,
Arkansas,2018,7/17/18 6:15,1.1125,216.5,
Arkansas,2018,7/17/18 6:30,0.4075,205,
Arkansas,2018,7/17/18 6:45,1.09,189.75,
Arkansas,2018,7/17/18 7:00,1.1075,207.5,
Arkansas,2018,7/17/18 7:15,1.1925,254,
Arkansas,2018,7/17/18 7:30,1.375,257.75,
Arkansas,2018,7/17/18 7:45,0.6525,241.5,
Arkansas,2018,7/17/18 8:00,0.765,313,
Arkansas,2018,7/17/18 8:15,0.42,281.25,
Arkansas,2018,7/17/18 8:30,1.5875,291.5,
Arkansas,2018,7/17/18 8:45,1.3475,230.5,
Arkansas,2018,7/17/18 9:00,0.87,214.75,
Arkansas,2018,7/17/18 9:15,0.6925,223.5,
Arkansas,2018,7/17/18 9:30,0.8475,310.75,
Arkansas,2018,7/17/18 9:45,0.635,250,
Arkansas,2018,7/17/18 10:00,1.2475,234.25,
Arkansas,2018,7/17/18 10:15,0.9525,269.75,
Arkansas,2018,7/17/18 10:30,0.29,78.75,
Arkansas,2018,7/17/18 10:45,0.9725,313.25,
Arkansas,2018,7/17/18 11:00,0.785,321.5,
Arkansas,2018,7/17/18 11:15,0.4875,103.25,
Arkansas,2018,7/17/18 11:30,0.9375,174.75,
Arkansas,2018,7/17/18 11:45,0.4475,232.75,
Arkansas,2018,7/17/18 12:00,0.35,125.25,
Arkansas,2018,7/17/18 12:15,1.1,192.75,
Arkansas,2018,7/17/18 12:30,1.18,324.5,
Arkansas,2018,7/17/18 12:45,0.8775,314,
Arkansas,2018,7/17/18 13:00,0.93,20.75,
Arkansas,2018,7/17/18 13:15,0.3875,135,
Arkansas,2018,7/17/18 13:30,0.325,48.25,
Arkansas,2018,7/17/18 13:45,1.2875,34,
Arkansas,2018,7/17/18 14:00,1.48,75.75,
Arkansas,2018,7/17/18 14:15,0.7775,206.75,
Arkansas,2018,7/17/18 14:30,1.56,61,
Arkansas,2018,7/17/18 14:45,0.82,15.75,
Arkansas,2018,7/17/18 15:00,1.06,346.5,
Arkansas,2018,7/17/18 15:15,2.1925,101.25,
Arkansas,2018,7/17/18 15:30,1.48,51.5,
Arkansas,2018,7/17/18 15:45,1.8075,262.75,
Arkansas,2018,7/17/18 16:00,1.705,15,
Arkansas,2018,7/17/18 16:15,0.79,30.5,
Arkansas,2018,7/17/18 16:30,2.065,6.5,
Arkansas,2018,7/17/18 16:45,1.26,101,
Arkansas,2018,7/17/18 17:00,1.305,21,
Arkansas,2018,7/17/18 17:15,2.1025,8.75,
Arkansas,2018,7/17/18 17:30,1.69,22.5,
Arkansas,2018,7/17/18 17:45,0.985,102.75,
Arkansas,2018,7/17/18 18:00,2.28,260.75,
Arkansas,2018,7/17/18 18:15,1.86,22.5,
Arkansas,2018,7/17/18 18:30,1.905,180.5,
Arkansas,2018,7/17/18 18:45,1.9125,12.5,
Arkansas,2018,7/17/18 19:00,1.4875,339.5,
Arkansas,2018,7/17/18 19:15,1.825,181.25,
Arkansas,2018,7/17/18 19:30,1.495,14,
Arkansas,2018,7/17/18 19:45,1.1625,25.5,
Arkansas,2018,7/17/18 20:00,0.49,329.25,
Arkansas,2018,7/17/18 20:15,1.16,101.5,
Arkansas,2018,7/17/18 20:30,1.465,264.75,
Arkansas,2018,7/17/18 20:45,1.9075,338.5,
Arkansas,2018,7/17/18 21:00,2.165,355,
Arkansas,2018,7/17/18 21:15,0.4975,120.25,
Arkansas,2018,7/17/18 21:30,0.9675,166.75,
Arkansas,2018,7/17/18 21:45,0.0725,276.25,
Arkansas,2018,7/17/18 22:00,0.0875,227.25,
Arkansas,2018,7/17/18 22:15,0.7125,333.75,
Arkansas,2018,7/17/18 22:30,0.34,275.75,
Arkansas,2018,7/17/18 22:45,0.2275,76,
Arkansas,2018,7/17/18 23:00,0.24,158.25,
Arkansas,2018,7/17/18 23:15,0.2175,103.25,
Arkansas,2018,7/17/18 23:30,0.6,42.5,
Arkansas,2018,7/17/18 23:45,0.155,24.5,
Arkansas,2018,7/18/18 0:00,0.2775,160.5,
Arkansas,2018,7/18/18 0:15,1.1625,143,
Arkansas,2018,7/18/18 0:30,0.725,151.25,
Arkansas,2018,7/18/18 0:45,1.485,142.25,
Arkansas,2018,7/18/18 1:00,0.9225,169.25,
Arkansas,2018,7/18/18 1:15,1.11,150,
Arkansas,2018,7/18/18 1:30,1.1075,168.25,
Arkansas,2018,7/18/18 1:45,0.765,171,
Arkansas,2018,7/18/18 2:00,0.63,105.25,
Arkansas,2018,7/18/18 2:15,0.2425,118.5,
Arkansas,2018,7/18/18 2:30,0.3725,166,
Arkansas,2018,7/18/18 2:45,0.5925,253.5,
Arkansas,2018,7/18/18 3:00,0.71,294.25,
Arkansas,2018,7/18/18 3:15,0.1175,260,
Arkansas,2018,7/18/18 3:30,0.755,313.75,
Arkansas,2018,7/18/18 3:45,0.1625,196.5,
Arkansas,2018,7/18/18 4:00,0.835,109.75,
Arkansas,2018,7/18/18 4:15,0.425,222.25,
Arkansas,2018,7/18/18 4:30,0.1475,164.75,
Arkansas,2018,7/18/18 4:45,0.1075,220,
Arkansas,2018,7/18/18 5:00,0.6425,99,
Arkansas,2018,7/18/18 5:15,0.1625,95,
Arkansas,2018,7/18/18 5:30,0.1875,42,
Arkansas,2018,7/18/18 5:45,0.855,79.75,
Arkansas,2018,7/18/18 6:00,0.26,167.25,
Arkansas,2018,7/18/18 6:15,0.4725,63.5,
Arkansas,2018,7/18/18 6:30,0.7225,49.25,
Arkansas,2018,7/18/18 6:45,0.41,59.75,
Arkansas,2018,7/18/18 7:00,1.5375,70,
Arkansas,2018,7/18/18 7:15,1.525,117,
Arkansas,2018,7/18/18 7:30,0.9975,125,
Arkansas,2018,7/18/18 7:45,1.515,88,
Arkansas,2018,7/18/18 8:00,1.0075,76.75,
Arkansas,2018,7/18/18 8:15,1.5375,126.5,
Arkansas,2018,7/18/18 8:30,0.785,77.75,
Arkansas,2018,7/18/18 8:45,0.575,213.5,
Arkansas,2018,7/18/18 9:00,1.37,139.25,
Arkansas,2018,7/18/18 9:15,1.55,97.5,
Arkansas,2018,7/18/18 9:30,1.3,143.25,
Arkansas,2018,7/18/18 9:45,0.84,96.25,
Arkansas,2018,7/18/18 10:00,0.675,126,
Arkansas,2018,7/18/18 10:15,0.8075,42.75,
Arkansas,2018,7/18/18 10:30,2.1075,122,
Arkansas,2018,7/18/18 10:45,1.67,86.5,
Arkansas,2018,7/18/18 11:00,1.24,79.25,
Arkansas,2018,7/18/18 11:15,0.9275,162.5,
Arkansas,2018,7/18/18 11:30,1.215,88.75,
Arkansas,2018,7/18/18 11:45,1.675,185.25,
Arkansas,2018,7/18/18 12:00,1.7425,141,
Arkansas,2018,7/18/18 12:15,1.3025,192,
Arkansas,2018,7/18/18 12:30,1.22,98.75,
Arkansas,2018,7/18/18 12:45,1.2,254.5,
Arkansas,2018,7/18/18 13:00,0.83,183.75,
Arkansas,2018,7/18/18 13:15,1.53,211.25,
Arkansas,2018,7/18/18 13:30,1.205,207,
Arkansas,2018,7/18/18 13:45,0.845,220.5,
Arkansas,2018,7/18/18 14:00,3.3525,219.75,
Arkansas,2018,7/18/18 14:15,3.4075,164,
Arkansas,2018,7/18/18 14:30,1.105,155.75,
Arkansas,2018,7/18/18 14:45,1.9425,63.5,
Arkansas,2018,7/18/18 15:00,3.195,174.75,
Arkansas,2018,7/18/18 15:15,2.125,13,
Arkansas,2018,7/18/18 15:30,4.49,28.25,
Arkansas,2018,7/18/18 15:45,0.525,140.75,
Arkansas,2018,7/18/18 16:00,1.47,104.5,
Arkansas,2018,7/18/18 16:15,1.4925,28,
Arkansas,2018,7/18/18 16:30,1.3525,29.5,
Arkansas,2018,7/18/18 16:45,0.7225,64.25,
Arkansas,2018,7/18/18 17:00,1.28,58,
Arkansas,2018,7/18/18 17:15,1.22,28.25,
Arkansas,2018,7/18/18 17:30,1.545,59,
Arkansas,2018,7/18/18 17:45,1.4125,84.25,
Arkansas,2018,7/18/18 18:00,1.5775,111.75,
Arkansas,2018,7/18/18 18:15,0.675,264.75,
Arkansas,2018,7/18/18 18:30,0.8175,49.75,
Arkansas,2018,7/18/18 18:45,1.235,27,
Arkansas,2018,7/18/18 19:00,1.495,47.25,
Arkansas,2018,7/18/18 19:15,1.3,49.75,
Arkansas,2018,7/18/18 19:30,1.115,26.75,
Arkansas,2018,7/18/18 19:45,0.7875,54.25,
Arkansas,2018,7/18/18 20:00,0.96,102,
Arkansas,2018,7/18/18 20:15,0.655,35.75,
Arkansas,2018,7/18/18 20:30,0.6925,40.75,
Arkansas,2018,7/18/18 20:45,0.65,58.75,
Arkansas,2018,7/18/18 21:00,0.69,83.25,
Arkansas,2018,7/18/18 21:15,0.5625,55,
Arkansas,2018,7/18/18 21:30,0.435,15.5,
Arkansas,2018,7/18/18 21:45,1.0875,264.75,
Arkansas,2018,7/18/18 22:00,0.42,263.25,
Arkansas,2018,7/18/18 22:15,0.8775,235.75,
Arkansas,2018,7/18/18 22:30,0.9125,107,
Arkansas,2018,7/18/18 22:45,0.6775,177.25,
Arkansas,2018,7/18/18 23:00,0.0675,199,
Arkansas,2018,7/18/18 23:15,0.87,268.5,
Arkansas,2018,7/18/18 23:30,0.46,108,
Arkansas,2018,7/18/18 23:45,1.0725,36.5,
Arkansas,2018,7/19/18 0:00,0.825,260.25,
Arkansas,2018,7/19/18 0:15,0.745,336.25,
Arkansas,2018,7/19/18 0:30,0.455,52.25,
Arkansas,2018,7/19/18 0:45,0.745,59.5,
Arkansas,2018,7/19/18 1:00,0.8325,22.25,
Arkansas,2018,7/19/18 1:15,1.2675,27.25,
Arkansas,2018,7/19/18 1:30,1.265,17.75,
Arkansas,2018,7/19/18 1:45,0.835,45.5,
Arkansas,2018,7/19/18 2:00,1,51.5,
Arkansas,2018,7/19/18 2:15,0.7025,30.5,
Arkansas,2018,7/19/18 2:30,0.82,46.5,
Arkansas,2018,7/19/18 2:45,0.6225,43.5,
Arkansas,2018,7/19/18 3:00,0.75,39.5,
Arkansas,2018,7/19/18 3:15,1.23,63,
Arkansas,2018,7/19/18 3:30,0.68,9,
Arkansas,2018,7/19/18 3:45,0.7025,256.75,
Arkansas,2018,7/19/18 4:00,0.4475,340.25,
Arkansas,2018,7/19/18 4:15,0.0575,25.25,
Arkansas,2018,7/19/18 4:30,0.525,11.25,
Arkansas,2018,7/19/18 4:45,0.2875,339.75,
Arkansas,2018,7/19/18 5:00,0.49,93.5,
Arkansas,2018,7/19/18 5:15,0.055,240.5,
Arkansas,2018,7/19/18 5:30,0.1725,246.5,
Arkansas,2018,7/19/18 5:45,0.3,257.5,
Arkansas,2018,7/19/18 6:00,0.2125,230,
Arkansas,2018,7/19/18 6:15,0.325,161.75,
Arkansas,2018,7/19/18 6:30,0.0525,52.75,
Arkansas,2018,7/19/18 6:45,0.4175,13.75,
Arkansas,2018,7/19/18 7:00,0.3525,180.5,
Arkansas,2018,7/19/18 7:15,0.1775,39,
Arkansas,2018,7/19/18 7:30,0.7875,85,
Arkansas,2018,7/19/18 7:45,1.27,82.5,
Arkansas,2018,7/19/18 8:00,1.115,118.25,
Arkansas,2018,7/19/18 8:15,1.5625,147.75,
Arkansas,2018,7/19/18 8:30,1.5925,132.25,
Arkansas,2018,7/19/18 8:45,0.875,157.75,
Arkansas,2018,7/19/18 9:00,1.4425,138.75,
Arkansas,2018,7/19/18 9:15,1.3875,157.5,
Arkansas,2018,7/19/18 9:30,1.4525,152.75,
Arkansas,2018,7/19/18 9:45,2.005,135.75,
Arkansas,2018,7/19/18 10:00,1.585,166,
Arkansas,2018,7/19/18 10:15,1.18,165,
Arkansas,2018,7/19/18 10:30,1,114.75,
Arkansas,2018,7/19/18 10:45,2.6325,139,
Arkansas,2018,7/19/18 11:00,1.1425,132,
Arkansas,2018,7/19/18 11:15,0.87,130,
Arkansas,2018,7/19/18 11:30,1.155,207.75,
Arkansas,2018,7/19/18 11:45,1.495,173.25,
Arkansas,2018,7/19/18 12:00,2.4025,144,
Arkansas,2018,7/19/18 12:15,1.58,160.5,
Arkansas,2018,7/19/18 12:30,1.4225,165.5,
Arkansas,2018,7/19/18 12:45,1.945,131,
Arkansas,2018,7/19/18 13:00,1.1225,163.25,
Arkansas,2018,7/19/18 13:15,1.4,140.75,
Arkansas,2018,7/19/18 13:30,2.29,176.25,
Arkansas,2018,7/19/18 13:45,2.425,118.25,
Arkansas,2018,7/19/18 14:00,1.63,163.25,
Arkansas,2018,7/19/18 14:15,2.0375,172.25,
Arkansas,2018,7/19/18 14:30,1.3775,123.5,
Arkansas,2018,7/19/18 14:45,0.7525,150,
Arkansas,2018,7/19/18 15:00,2.9125,129,
Arkansas,2018,7/19/18 15:15,2.275,152.25,
Arkansas,2018,7/19/18 15:30,1.53,168,
Arkansas,2018,7/19/18 15:45,1.2975,151.75,